Workbook

Sheet maze_foe_v8
A1: paipaiworld_config
A2: INT_K | B2: STRING | C2: STRING | D2: STRING | E2: STRING | F2: STRING | G2: INT_C_S | H2: INT_C_S | I2: MAP<INT:LONG>_C_S | J2: LIST<INT>_C_S | K2: STRING_C_S | L2: INT_C_S | M2: INT_C_S | N2: INT_C_S | O2: INT_C_S | P2: INT_C_S | Q2: INT_C_S | R2: INT_C_S | S2: INT_C_S | T2: INT_C_S | U2: INT_C_S | V2: MAP<INT:LONG>_C_S | W2: MAP<INT:LONG>_C_S | X2: MAP<INT:LONG>_C_S | Y2: INT_C_S | Z2: LIST<INT>_C_S | AA2: INT_S_C | AB2: MAP<LONG:INT>_S | AC2: INT_C_S | AD2: INT_C_S | AE2: INT_C_S | AF2: INT_C_S | AG2: INT_C_S | AH2: INT_C_S | AI2: INT_C_S | AJ2: INT_C_S
A3: order | B3: desc0 | C3: desc1 | D3: desc2 | E3: desc3 | F3: desc4 | G3: in_barries_id | H3: foe_type | I3: drop_item | J3: drop_equip | K3: name | L3: model_id | M3: level | N3: kongfu | O3: hp_lose_type | P3: attack_max | Q3: def_max | R3: hp_max | S3: speed | T3: hp_num | U3: tough_max | V3: drop_exp_num | W3: drop_coin_num | X3: drop_equip_score_num | Y3: nor_attack_skill_id | Z3: passive_skill_id | AA3: drop_energy_num | AB3: tough_borke_raitio | AC3: attack_speed_pro | AD3: be_attack_recovery_speed_pro | AE3: tough_deplete | AF3: search_for_scope | AG3: attacked_back_range | AH3: attacked_back_range_after | AI3: threat_value | AJ3: arrow_threat_value
A4: 怪物id | B4: 关卡数 | C4: 怪物类型 | D4: 怪物类型 | E4: 模型名称索引 | F4: 是否有模型 | G4: 所属关卡id | H4: 怪物类型（1-小怪 2-守关boss 3-巡逻守卫 | I4: 怪物掉落物品 | J4: 怪物掉落装备 | K4: 怪物名称 | L4: 资源组id | M4: 怪物等级 | N4: 怪物武力值 | O4: 损血类型 | P4: 怪物攻击 | Q4: 怪物防御 | R4: 怪物血量 | S4: 移动速度(万分比） | T4: 血条数量 | U4: 怪物韧性上限 | V4: 冒险等级:掉落经验数量 | W4: 冒险等级:掉落钱币数量 | X4: 冒险等级:掉落装备分数量 | Y4: 普通攻击技能id | Z4: 被动技能id | AA4: 死亡后掉落的能量点数 | AB4: 武力对应削韧倍率（万分比） | AC4: 怪物攻击速度系数（>10000加速 ,<10000减速 | AD4: 受击回复动作播放速度系数（>10000加速 ,<10000减速 | AE4: 韧性被打空时释放技能 | AF4: 寻敌范围调整值（默认10米） | AG4: 被击退距离系数（万分比） | AH4: 被击退距离系数（破除韧性后）（万分比） | AI4: 威胁值 | AJ4: 远程威胁值
A5: 10201 | B5: 1 | C5: 守卫1 | D5: 雷霆魔头3 | E5: 未使用 | F5: 客户端资源组 | G5: 1 | H5: 2 | I5: 0:0 | J5: 0 | K5: 800001021 | L5: 800001021 | M5: 1 | N5: 1 | O5: 1 | P5: 8 | Q5: 0 | R5: 25 | S5: -3000 | T5: 1 | U5: 0 | V5: 1:0_2:0_3:0_4:0_5:0_6:0_7:0_8:0_9:0_10:0_11:0_12:0_13:0_14:0_15:0_16:0_17:0_18:0_19:0_20:0_21:0_22:0_23:0_24:0_25:0_26:0_27:0_28:0_29:0_30:0_31:0_32:0_33:0_34:0_35:0_36:0_37:0_38:0_39:0_40:0_41:0_42:0_43:0_44:0_45:0_46:0_47:0_48:0_49:0_50:0_51:0_52:0_53:0_54:0_55:0_56:0_57:0_58:0_59:0_60:0_61:0_62:0_63:0_64:0_65:0_66:0_67:0_68:0_69:0_70:0_71:0_72:0_73:0_74:0_75:0_76:0_77:0_78:0_79:0_80:0_81:0_82:0_83:0_84:0_85:0_86:0_87:0_88:0_89:0_90:0_91:0_92:0_93:0_94:0_95:0_96:0_97:0_98:0_99:0_100:0_101:0_102:0_103:0_104:0_105:0_106:0_107:0_108:0_109:0_110:0_111:0_112:0_113:0_114:0_115:0_116:0_117:0_118:0_119:0_120:0_121:0_122:0_123:0_124:0_125:0_126:0_127:0_128:0_129:0_130:0_131:0_132:0_133:0_134:0_135:0_136:0_137:0_138:0_139:0_140:0_141:0_142:0_143:0_144:0_145:0_146:0_147:0_148:0_149:0_150:0_151:0_152:0_153:0_154:0_155:0_156:0_157:0_158:0_159:0_160:0 | W5: 1:0_2:0_3:0_4:0_5:0_6:0_7:0_8:0_9:0_10:0_11:0_12:0_13:0_14:0_15:0_16:0_17:0_18:0_19:0_20:0_21:0_22:0_23:0_24:0_25:0_26:0_27:0_28:0_29:0_30:0_31:0_32:0_33:0_34:0_35:0_36:0_37:0_38:0_39:0_40:0_41:0_42:0_43:0_44:0_45:0_46:0_47:0_48:0_49:0_50:0_51:0_52:0_53:0_54:0_55:0_56:0_57:0_58:0_59:0_60:0_61:0_62:0_63:0_64:0_65:0_66:0_67:0_68:0_69:0_70:0_71:0_72:0_73:0_74:0_75:0_76:0_77:0_78:0_79:0_80:0_81:0_82:0_83:0_84:0_85:0_86:0_87:0_88:0_89:0_90:0_91:0_92:0_93:0_94:0_95:0_96:0_97:0_98:0_99:0_100:0_101:0_102:0_103:0_104:0_105:0_106:0_107:0_108:0_109:0_110:0_111:0_112:0_113:0_114:0_115:0_116:0_117:0_118:0_119:0_120:0_121:0_122:0_123:0_124:0_125:0_126:0_127:0_128:0_129:0_130:0_131:0_132:0_133:0_134:0_135:0_136:0_137:0_138:0_139:0_140:0_141:0_142:0_143:0_144:0_145:0_146:0_147:0_148:0_149:0_150:0_151:0_152:0_153:0_154:0_155:0_156:0_157:0_158:0_159:0_160:0 | X5: 1:0_2:0_3:0_4:0_5:0_6:0_7:0_8:0_9:0_10:0_11:0_12:0_13:0_14:0_15:0_16:0_17:0_18:0_19:0_20:0_21:0_22:0_23:0_24:0_25:0_26:0_27:0_28:0_29:0_30:0_31:0_32:0_33:0_34:0_35:0_36:0_37:0_38:0_39:0_40:0_41:0_42:0_43:0_44:0_45:0_46:0_47:0_48:0_49:0_50:0_51:0_52:0_53:0_54:0_55:0_56:0_57:0_58:0_59:0_60:0_61:0_62:0_63:0_64:0_65:0_66:0_67:0_68:0_69:0_70:0_71:0_72:0_73:0_74:0_75:0_76:0_77:0_78:0_79:0_80:0_81:0_82:0_83:0_84:0_85:0_86:0_87:0_88:0_89:0_90:0_91:0_92:0_93:0_94:0_95:0_96:0_97:0_98:0_99:0_100:0_101:0_102:0_103:0_104:0_105:0_106:0_107:0_108:0_109:0_110:0_111:0_112:0_113:0_114:0_115:0_116:0_117:0_118:0_119:0_120:0_121:0_122:0_123:0_124:0_125:0_126:0_127:0_128:0_129:0_130:0_131:0_132:0_133:0_134:0_135:0_136:0_137:0_138:0_139:0_140:0_141:0_142:0_143:0_144:0_145:0_146:0_147:0_148:0_149:0_150:0_151:0_152:0_153:0_154:0_155:0_156:0_157:0_158:0_159:0_160:0 | Y5: 20010001 | Z5: 0 | AA5: 1 | AB5: 0:2500_50:5000_80:10000_125:15000_160:30000 | AC5: 10000 | AD5: 10000 | AE5: 0 | AF5: 40 | AG5: 0 | AH5: 0 | AI5: 0 | AJ5: 0
A6: 10301 | B6: 1 | C6: 守卫2 | D6: 野猪怪 | E6: 未使用 | F6: 客户端资源组 | G6: 1 | H6: 2 | I6: 0:0 | J6: 0 | K6: 800001021 | L6: 800001021 | M6: 1 | N6: 2 | O6: 2 | P6: 8 | Q6: 0 | R6: 25 | S6: -3000 | T6: 1 | U6: 0 | V6: 1:0_2:0_3:0_4:0_5:0_6:0_7:0_8:0_9:0_10:0_11:0_12:0_13:0_14:0_15:0_16:0_17:0_18:0_19:0_20:0_21:0_22:0_23:0_24:0_25:0_26:0_27:0_28:0_29:0_30:0_31:0_32:0_33:0_34:0_35:0_36:0_37:0_38:0_39:0_40:0_41:0_42:0_43:0_44:0_45:0_46:0_47:0_48:0_49:0_50:0_51:0_52:0_53:0_54:0_55:0_56:0_57:0_58:0_59:0_60:0_61:0_62:0_63:0_64:0_65:0_66:0_67:0_68:0_69:0_70:0_71:0_72:0_73:0_74:0_75:0_76:0_77:0_78:0_79:0_80:0_81:0_82:0_83:0_84:0_85:0_86:0_87:0_88:0_89:0_90:0_91:0_92:0_93:0_94:0_95:0_96:0_97:0_98:0_99:0_100:0_101:0_102:0_103:0_104:0_105:0_106:0_107:0_108:0_109:0_110:0_111:0_112:0_113:0_114:0_115:0_116:0_117:0_118:0_119:0_120:0_121:0_122:0_123:0_124:0_125:0_126:0_127:0_128:0_129:0_130:0_131:0_132:0_133:0_134:0_135:0_136:0_137:0_138:0_139:0_140:0_141:0_142:0_143:0_144:0_145:0_146:0_147:0_148:0_149:0_150:0_151:0_152:0_153:0_154:0_155:0_156:0_157:0_158:0_159:0_160:0 | W6: 1:0_2:0_3:0_4:0_5:0_6:0_7:0_8:0_9:0_10:0_11:0_12:0_13:0_14:0_15:0_16:0_17:0_18:0_19:0_20:0_21:0_22:0_23:0_24:0_25:0_26:0_27:0_28:0_29:0_30:0_31:0_32:0_33:0_34:0_35:0_36:0_37:0_38:0_39:0_40:0_41:0_42:0_43:0_44:0_45:0_46:0_47:0_48:0_49:0_50:0_51:0_52:0_53:0_54:0_55:0_56:0_57:0_58:0_59:0_60:0_61:0_62:0_63:0_64:0_65:0_66:0_67:0_68:0_69:0_70:0_71:0_72:0_73:0_74:0_75:0_76:0_77:0_78:0_79:0_80:0_81:0_82:0_83:0_84:0_85:0_86:0_87:0_88:0_89:0_90:0_91:0_92:0_93:0_94:0_95:0_96:0_97:0_98:0_99:0_100:0_101:0_102:0_103:0_104:0_105:0_106:0_107:0_108:0_109:0_110:0_111:0_112:0_113:0_114:0_115:0_116:0_117:0_118:0_119:0_120:0_121:0_122:0_123:0_124:0_125:0_126:0_127:0_128:0_129:0_130:0_131:0_132:0_133:0_134:0_135:0_136:0_137:0_138:0_139:0_140:0_141:0_142:0_143:0_144:0_145:0_146:0_147:0_148:0_149:0_150:0_151:0_152:0_153:0_154:0_155:0_156:0_157:0_158:0_159:0_160:0 | X6: 1:0_2:0_3:0_4:0_5:0_6:0_7:0_8:0_9:0_10:0_11:0_12:0_13:0_14:0_15:0_16:0_17:0_18:0_19:0_20:0_21:0_22:0_23:0_24:0_25:0_26:0_27:0_28:0_29:0_30:0_31:0_32:0_33:0_34:0_35:0_36:0_37:0_38:0_39:0_40:0_41:0_42:0_43:0_44:0_45:0_46:0_47:0_48:0_49:0_50:0_51:0_52:0_53:0_54:0_55:0_56:0_57:0_58:0_59:0_60:0_61:0_62:0_63:0_64:0_65:0_66:0_67:0_68:0_69:0_70:0_71:0_72:0_73:0_74:0_75:0_76:0_77:0_78:0_79:0_80:0_81:0_82:0_83:0_84:0_85:0_86:0_87:0_88:0_89:0_90:0_91:0_92:0_93:0_94:0_95:0_96:0_97:0_98:0_99:0_100:0_101:0_102:0_103:0_104:0_105:0_106:0_107:0_108:0_109:0_110:0_111:0_112:0_113:0_114:0_115:0_116:0_117:0_118:0_119:0_120:0_121:0_122:0_123:0_124:0_125:0_126:0_127:0_128:0_129:0_130:0_131:0_132:0_133:0_134:0_135:0_136:0_137:0_138:0_139:0_140:0_141:0_142:0_143:0_144:0_145:0_146:0_147:0_148:0_149:0_150:0_151:0_152:0_153:0_154:0_155:0_156:0_157:0_158:0_159:0_160:0 | Y6: 20010001 | Z6: 0 | AA6: 1 | AB6: 0:2500_50:5000_80:10000_125:15000_160:30000 | AC6: 10000 | AD6: 10000 | AE6: 0 | AF6: 40 | AG6: 0 | AH6: 0 | AI6: 0 | AJ6: 0
A7: 10302 | B7: 1 | C7: 守卫3 | D7: 喷火恶龙2 | E7: 未使用 | F7: 客户端资源组 | G7: 1 | H7: 2 | I7: 0:0 | J7: 0 | K7: 800001021 | L7: 800001021 | M7: 1 | N7: 3 | O7: 2 | P7: 8 | Q7: 0 | R7: 25 | S7: -3000 | T7: 1 | U7: 0 | V7: 1:0_2:0_3:0_4:0_5:0_6:0_7:0_8:0_9:0_10:0_11:0_12:0_13:0_14:0_15:0_16:0_17:0_18:0_19:0_20:0_21:0_22:0_23:0_24:0_25:0_26:0_27:0_28:0_29:0_30:0_31:0_32:0_33:0_34:0_35:0_36:0_37:0_38:0_39:0_40:0_41:0_42:0_43:0_44:0_45:0_46:0_47:0_48:0_49:0_50:0_51:0_52:0_53:0_54:0_55:0_56:0_57:0_58:0_59:0_60:0_61:0_62:0_63:0_64:0_65:0_66:0_67:0_68:0_69:0_70:0_71:0_72:0_73:0_74:0_75:0_76:0_77:0_78:0_79:0_80:0_81:0_82:0_83:0_84:0_85:0_86:0_87:0_88:0_89:0_90:0_91:0_92:0_93:0_94:0_95:0_96:0_97:0_98:0_99:0_100:0_101:0_102:0_103:0_104:0_105:0_106:0_107:0_108:0_109:0_110:0_111:0_112:0_113:0_114:0_115:0_116:0_117:0_118:0_119:0_120:0_121:0_122:0_123:0_124:0_125:0_126:0_127:0_128:0_129:0_130:0_131:0_132:0_133:0_134:0_135:0_136:0_137:0_138:0_139:0_140:0_141:0_142:0_143:0_144:0_145:0_146:0_147:0_148:0_149:0_150:0_151:0_152:0_153:0_154:0_155:0_156:0_157:0_158:0_159:0_160:0 | W7: 1:0_2:0_3:0_4:0_5:0_6:0_7:0_8:0_9:0_10:0_11:0_12:0_13:0_14:0_15:0_16:0_17:0_18:0_19:0_20:0_21:0_22:0_23:0_24:0_25:0_26:0_27:0_28:0_29:0_30:0_31:0_32:0_33:0_34:0_35:0_36:0_37:0_38:0_39:0_40:0_41:0_42:0_43:0_44:0_45:0_46:0_47:0_48:0_49:0_50:0_51:0_52:0_53:0_54:0_55:0_56:0_57:0_58:0_59:0_60:0_61:0_62:0_63:0_64:0_65:0_66:0_67:0_68:0_69:0_70:0_71:0_72:0_73:0_74:0_75:0_76:0_77:0_78:0_79:0_80:0_81:0_82:0_83:0_84:0_85:0_86:0_87:0_88:0_89:0_90:0_91:0_92:0_93:0_94:0_95:0_96:0_97:0_98:0_99:0_100:0_101:0_102:0_103:0_104:0_105:0_106:0_107:0_108:0_109:0_110:0_111:0_112:0_113:0_114:0_115:0_116:0_117:0_118:0_119:0_120:0_121:0_122:0_123:0_124:0_125:0_126:0_127:0_128:0_129:0_130:0_131:0_132:0_133:0_134:0_135:0_136:0_137:0_138:0_139:0_140:0_141:0_142:0_143:0_144:0_145:0_146:0_147:0_148:0_149:0_150:0_151:0_152:0_153:0_154:0_155:0_156:0_157:0_158:0_159:0_160:0 | X7: 1:0_2:0_3:0_4:0_5:0_6:0_7:0_8:0_9:0_10:0_11:0_12:0_13:0_14:0_15:0_16:0_17:0_18:0_19:0_20:0_21:0_22:0_23:0_24:0_25:0_26:0_27:0_28:0_29:0_30:0_31:0_32:0_33:0_34:0_35:0_36:0_37:0_38:0_39:0_40:0_41:0_42:0_43:0_44:0_45:0_46:0_47:0_48:0_49:0_50:0_51:0_52:0_53:0_54:0_55:0_56:0_57:0_58:0_59:0_60:0_61:0_62:0_63:0_64:0_65:0_66:0_67:0_68:0_69:0_70:0_71:0_72:0_73:0_74:0_75:0_76:0_77:0_78:0_79:0_80:0_81:0_82:0_83:0_84:0_85:0_86:0_87:0_88:0_89:0_90:0_91:0_92:0_93:0_94:0_95:0_96:0_97:0_98:0_99:0_100:0_101:0_102:0_103:0_104:0_105:0_106:0_107:0_108:0_109:0_110:0_111:0_112:0_113:0_114:0_115:0_116:0_117:0_118:0_119:0_120:0_121:0_122:0_123:0_124:0_125:0_126:0_127:0_128:0_129:0_130:0_131:0_132:0_133:0_134:0_135:0_136:0_137:0_138:0_139:0_140:0_141:0_142:0_143:0_144:0_145:0_146:0_147:0_148:0_149:0_150:0_151:0_152:0_153:0_154:0_155:0_156:0_157:0_158:0_159:0_160:0 | Y7: 20010001 | Z7: 0 | AA7: 1 | AB7: 0:2500_50:5000_80:10000_125:15000_160:30000 | AC7: 10000 | AD7: 10000 | AE7: 0 | AF7: 40 | AG7: 0 | AH7: 0 | AI7: 0 | AJ7: 0
A8: 10303 | B8: 1 | C8: 守卫4 | D8: 爆裂悍匪2 | E8: 未使用 | F8: 客户端资源组 | G8: 1 | H8: 2 | I8: 0:0 | J8: 0 | K8: 800001021 | L8: 800001021 | M8: 1 | N8: 4 | O8: 2 | P8: 8 | Q8: 0 | R8: 25 | S8: -3000 | T8: 1 | U8: 0 | V8: 1:0_2:0_3:0_4:0_5:0_6:0_7:0_8:0_9:0_10:0_11:0_12:0_13:0_14:0_15:0_16:0_17:0_18:0_19:0_20:0_21:0_22:0_23:0_24:0_25:0_26:0_27:0_28:0_29:0_30:0_31:0_32:0_33:0_34:0_35:0_36:0_37:0_38:0_39:0_40:0_41:0_42:0_43:0_44:0_45:0_46:0_47:0_48:0_49:0_50:0_51:0_52:0_53:0_54:0_55:0_56:0_57:0_58:0_59:0_60:0_61:0_62:0_63:0_64:0_65:0_66:0_67:0_68:0_69:0_70:0_71:0_72:0_73:0_74:0_75:0_76:0_77:0_78:0_79:0_80:0_81:0_82:0_83:0_84:0_85:0_86:0_87:0_88:0_89:0_90:0_91:0_92:0_93:0_94:0_95:0_96:0_97:0_98:0_99:0_100:0_101:0_102:0_103:0_104:0_105:0_106:0_107:0_108:0_109:0_110:0_111:0_112:0_113:0_114:0_115:0_116:0_117:0_118:0_119:0_120:0_121:0_122:0_123:0_124:0_125:0_126:0_127:0_128:0_129:0_130:0_131:0_132:0_133:0_134:0_135:0_136:0_137:0_138:0_139:0_140:0_141:0_142:0_143:0_144:0_145:0_146:0_147:0_148:0_149:0_150:0_151:0_152:0_153:0_154:0_155:0_156:0_157:0_158:0_159:0_160:0 | W8: 1:0_2:0_3:0_4:0_5:0_6:0_7:0_8:0_9:0_10:0_11:0_12:0_13:0_14:0_15:0_16:0_17:0_18:0_19:0_20:0_21:0_22:0_23:0_24:0_25:0_26:0_27:0_28:0_29:0_30:0_31:0_32:0_33:0_34:0_35:0_36:0_37:0_38:0_39:0_40:0_41:0_42:0_43:0_44:0_45:0_46:0_47:0_48:0_49:0_50:0_51:0_52:0_53:0_54:0_55:0_56:0_57:0_58:0_59:0_60:0_61:0_62:0_63:0_64:0_65:0_66:0_67:0_68:0_69:0_70:0_71:0_72:0_73:0_74:0_75:0_76:0_77:0_78:0_79:0_80:0_81:0_82:0_83:0_84:0_85:0_86:0_87:0_88:0_89:0_90:0_91:0_92:0_93:0_94:0_95:0_96:0_97:0_98:0_99:0_100:0_101:0_102:0_103:0_104:0_105:0_106:0_107:0_108:0_109:0_110:0_111:0_112:0_113:0_114:0_115:0_116:0_117:0_118:0_119:0_120:0_121:0_122:0_123:0_124:0_125:0_126:0_127:0_128:0_129:0_130:0_131:0_132:0_133:0_134:0_135:0_136:0_137:0_138:0_139:0_140:0_141:0_142:0_143:0_144:0_145:0_146:0_147:0_148:0_149:0_150:0_151:0_152:0_153:0_154:0_155:0_156:0_157:0_158:0_159:0_160:0 | X8: 1:0_2:0_3:0_4:0_5:0_6:0_7:0_8:0_9:0_10:0_11:0_12:0_13:0_14:0_15:0_16:0_17:0_18:0_19:0_20:0_21:0_22:0_23:0_24:0_25:0_26:0_27:0_28:0_29:0_30:0_31:0_32:0_33:0_34:0_35:0_36:0_37:0_38:0_39:0_40:0_41:0_42:0_43:0_44:0_45:0_46:0_47:0_48:0_49:0_50:0_51:0_52:0_53:0_54:0_55:0_56:0_57:0_58:0_59:0_60:0_61:0_62:0_63:0_64:0_65:0_66:0_67:0_68:0_69:0_70:0_71:0_72:0_73:0_74:0_75:0_76:0_77:0_78:0_79:0_80:0_81:0_82:0_83:0_84:0_85:0_86:0_87:0_88:0_89:0_90:0_91:0_92:0_93:0_94:0_95:0_96:0_97:0_98:0_99:0_100:0_101:0_102:0_103:0_104:0_105:0_106:0_107:0_108:0_109:0_110:0_111:0_112:0_113:0_114:0_115:0_116:0_117:0_118:0_119:0_120:0_121:0_122:0_123:0_124:0_125:0_126:0_127:0_128:0_129:0_130:0_131:0_132:0_133:0_134:0_135:0_136:0_137:0_138:0_139:0_140:0_141:0_142:0_143:0_144:0_145:0_146:0_147:0_148:0_149:0_150:0_151:0_152:0_153:0_154:0_155:0_156:0_157:0_158:0_159:0_160:0 | Y8: 20010001 | Z8: 0 | AA8: 1 | AB8: 0:2500_50:5000_80:10000_125:15000_160:30000 | AC8: 10000 | AD8: 10000 | AE8: 0 | AF8: 40 | AG8: 0 | AH8: 0 | AI8: 0 | AJ8: 0
A9: 10304 | B9: 1 | C9: 守卫5 | D9: 斯巴达勇士2 | E9: 未使用 | F9: 客户端资源组 | G9: 1 | H9: 2 | I9: 0:0 | J9: 0 | K9: 800001021 | L9: 800001021 | M9: 1 | N9: 4 | O9: 2 | P9: 8 | Q9: 0 | R9: 25 | S9: -3000 | T9: 1 | U9: 0 | V9: 1:0_2:0_3:0_4:0_5:0_6:0_7:0_8:0_9:0_10:0_11:0_12:0_13:0_14:0_15:0_16:0_17:0_18:0_19:0_20:0_21:0_22:0_23:0_24:0_25:0_26:0_27:0_28:0_29:0_30:0_31:0_32:0_33:0_34:0_35:0_36:0_37:0_38:0_39:0_40:0_41:0_42:0_43:0_44:0_45:0_46:0_47:0_48:0_49:0_50:0_51:0_52:0_53:0_54:0_55:0_56:0_57:0_58:0_59:0_60:0_61:0_62:0_63:0_64:0_65:0_66:0_67:0_68:0_69:0_70:0_71:0_72:0_73:0_74:0_75:0_76:0_77:0_78:0_79:0_80:0_81:0_82:0_83:0_84:0_85:0_86:0_87:0_88:0_89:0_90:0_91:0_92:0_93:0_94:0_95:0_96:0_97:0_98:0_99:0_100:0_101:0_102:0_103:0_104:0_105:0_106:0_107:0_108:0_109:0_110:0_111:0_112:0_113:0_114:0_115:0_116:0_117:0_118:0_119:0_120:0_121:0_122:0_123:0_124:0_125:0_126:0_127:0_128:0_129:0_130:0_131:0_132:0_133:0_134:0_135:0_136:0_137:0_138:0_139:0_140:0_141:0_142:0_143:0_144:0_145:0_146:0_147:0_148:0_149:0_150:0_151:0_152:0_153:0_154:0_155:0_156:0_157:0_158:0_159:0_160:0 | W9: 1:0_2:0_3:0_4:0_5:0_6:0_7:0_8:0_9:0_10:0_11:0_12:0_13:0_14:0_15:0_16:0_17:0_18:0_19:0_20:0_21:0_22:0_23:0_24:0_25:0_26:0_27:0_28:0_29:0_30:0_31:0_32:0_33:0_34:0_35:0_36:0_37:0_38:0_39:0_40:0_41:0_42:0_43:0_44:0_45:0_46:0_47:0_48:0_49:0_50:0_51:0_52:0_53:0_54:0_55:0_56:0_57:0_58:0_59:0_60:0_61:0_62:0_63:0_64:0_65:0_66:0_67:0_68:0_69:0_70:0_71:0_72:0_73:0_74:0_75:0_76:0_77:0_78:0_79:0_80:0_81:0_82:0_83:0_84:0_85:0_86:0_87:0_88:0_89:0_90:0_91:0_92:0_93:0_94:0_95:0_96:0_97:0_98:0_99:0_100:0_101:0_102:0_103:0_104:0_105:0_106:0_107:0_108:0_109:0_110:0_111:0_112:0_113:0_114:0_115:0_116:0_117:0_118:0_119:0_120:0_121:0_122:0_123:0_124:0_125:0_126:0_127:0_128:0_129:0_130:0_131:0_132:0_133:0_134:0_135:0_136:0_137:0_138:0_139:0_140:0_141:0_142:0_143:0_144:0_145:0_146:0_147:0_148:0_149:0_150:0_151:0_152:0_153:0_154:0_155:0_156:0_157:0_158:0_159:0_160:0 | X9: 1:0_2:0_3:0_4:0_5:0_6:0_7:0_8:0_9:0_10:0_11:0_12:0_13:0_14:0_15:0_16:0_17:0_18:0_19:0_20:0_21:0_22:0_23:0_24:0_25:0_26:0_27:0_28:0_29:0_30:0_31:0_32:0_33:0_34:0_35:0_36:0_37:0_38:0_39:0_40:0_41:0_42:0_43:0_44:0_45:0_46:0_47:0_48:0_49:0_50:0_51:0_52:0_53:0_54:0_55:0_56:0_57:0_58:0_59:0_60:0_61:0_62:0_63:0_64:0_65:0_66:0_67:0_68:0_69:0_70:0_71:0_72:0_73:0_74:0_75:0_76:0_77:0_78:0_79:0_80:0_81:0_82:0_83:0_84:0_85:0_86:0_87:0_88:0_89:0_90:0_91:0_92:0_93:0_94:0_95:0_96:0_97:0_98:0_99:0_100:0_101:0_102:0_103:0_104:0_105:0_106:0_107:0_108:0_109:0_110:0_111:0_112:0_113:0_114:0_115:0_116:0_117:0_118:0_119:0_120:0_121:0_122:0_123:0_124:0_125:0_126:0_127:0_128:0_129:0_130:0_131:0_132:0_133:0_134:0_135:0_136:0_137:0_138:0_139:0_140:0_141:0_142:0_143:0_144:0_145:0_146:0_147:0_148:0_149:0_150:0_151:0_152:0_153:0_154:0_155:0_156:0_157:0_158:0_159:0_160:0 | Y9: 20010001 | Z9: 0 | AA9: 1 | AB9: 0:2500_50:5000_80:10000_125:15000_160:30000 | AC9: 10000 | AD9: 10000 | AE9: 0 | AF9: 40 | AG9: 0 | AH9: 0 | AI9: 0 | AJ9: 0
A10: 10305 | B10: 1 | C10: 守卫6 | D10: 毒气猛士3 | E10: 未使用 | F10: 客户端资源组 | G10: 1 | H10: 2 | I10: 0:0 | J10: 0 | K10: 800001021 | L10: 800001021 | M10: 1 | N10: 13 | O10: 2 | P10: 8 | Q10: 0 | R10: 25 | S10: -3000 | T10: 1 | U10: 0 | V10: 1:0_2:0_3:0_4:0_5:0_6:0_7:0_8:0_9:0_10:0_11:0_12:0_13:0_14:0_15:0_16:0_17:0_18:0_19:0_20:0_21:0_22:0_23:0_24:0_25:0_26:0_27:0_28:0_29:0_30:0_31:0_32:0_33:0_34:0_35:0_36:0_37:0_38:0_39:0_40:0_41:0_42:0_43:0_44:0_45:0_46:0_47:0_48:0_49:0_50:0_51:0_52:0_53:0_54:0_55:0_56:0_57:0_58:0_59:0_60:0_61:0_62:0_63:0_64:0_65:0_66:0_67:0_68:0_69:0_70:0_71:0_72:0_73:0_74:0_75:0_76:0_77:0_78:0_79:0_80:0_81:0_82:0_83:0_84:0_85:0_86:0_87:0_88:0_89:0_90:0_91:0_92:0_93:0_94:0_95:0_96:0_97:0_98:0_99:0_100:0_101:0_102:0_103:0_104:0_105:0_106:0_107:0_108:0_109:0_110:0_111:0_112:0_113:0_114:0_115:0_116:0_117:0_118:0_119:0_120:0_121:0_122:0_123:0_124:0_125:0_126:0_127:0_128:0_129:0_130:0_131:0_132:0_133:0_134:0_135:0_136:0_137:0_138:0_139:0_140:0_141:0_142:0_143:0_144:0_145:0_146:0_147:0_148:0_149:0_150:0_151:0_152:0_153:0_154:0_155:0_156:0_157:0_158:0_159:0_160:0 | W10: 1:0_2:0_3:0_4:0_5:0_6:0_7:0_8:0_9:0_10:0_11:0_12:0_13:0_14:0_15:0_16:0_17:0_18:0_19:0_20:0_21:0_22:0_23:0_24:0_25:0_26:0_27:0_28:0_29:0_30:0_31:0_32:0_33:0_34:0_35:0_36:0_37:0_38:0_39:0_40:0_41:0_42:0_43:0_44:0_45:0_46:0_47:0_48:0_49:0_50:0_51:0_52:0_53:0_54:0_55:0_56:0_57:0_58:0_59:0_60:0_61:0_62:0_63:0_64:0_65:0_66:0_67:0_68:0_69:0_70:0_71:0_72:0_73:0_74:0_75:0_76:0_77:0_78:0_79:0_80:0_81:0_82:0_83:0_84:0_85:0_86:0_87:0_88:0_89:0_90:0_91:0_92:0_93:0_94:0_95:0_96:0_97:0_98:0_99:0_100:0_101:0_102:0_103:0_104:0_105:0_106:0_107:0_108:0_109:0_110:0_111:0_112:0_113:0_114:0_115:0_116:0_117:0_118:0_119:0_120:0_121:0_122:0_123:0_124:0_125:0_126:0_127:0_128:0_129:0_130:0_131:0_132:0_133:0_134:0_135:0_136:0_137:0_138:0_139:0_140:0_141:0_142:0_143:0_144:0_145:0_146:0_147:0_148:0_149:0_150:0_151:0_152:0_153:0_154:0_155:0_156:0_157:0_158:0_159:0_160:0 | X10: 1:0_2:0_3:0_4:0_5:0_6:0_7:0_8:0_9:0_10:0_11:0_12:0_13:0_14:0_15:0_16:0_17:0_18:0_19:0_20:0_21:0_22:0_23:0_24:0_25:0_26:0_27:0_28:0_29:0_30:0_31:0_32:0_33:0_34:0_35:0_36:0_37:0_38:0_39:0_40:0_41:0_42:0_43:0_44:0_45:0_46:0_47:0_48:0_49:0_50:0_51:0_52:0_53:0_54:0_55:0_56:0_57:0_58:0_59:0_60:0_61:0_62:0_63:0_64:0_65:0_66:0_67:0_68:0_69:0_70:0_71:0_72:0_73:0_74:0_75:0_76:0_77:0_78:0_79:0_80:0_81:0_82:0_83:0_84:0_85:0_86:0_87:0_88:0_89:0_90:0_91:0_92:0_93:0_94:0_95:0_96:0_97:0_98:0_99:0_100:0_101:0_102:0_103:0_104:0_105:0_106:0_107:0_108:0_109:0_110:0_111:0_112:0_113:0_114:0_115:0_116:0_117:0_118:0_119:0_120:0_121:0_122:0_123:0_124:0_125:0_126:0_127:0_128:0_129:0_130:0_131:0_132:0_133:0_134:0_135:0_136:0_137:0_138:0_139:0_140:0_141:0_142:0_143:0_144:0_145:0_146:0_147:0_148:0_149:0_150:0_151:0_152:0_153:0_154:0_155:0_156:0_157:0_158:0_159:0_160:0 | Y10: 20010001 | Z10: 0 | AA10: 1 | AB10: 0:2500_50:5000_80:10000_125:15000_160:30000 | AC10: 10000 | AD10: 10000 | AE10: 0 | AF10: 40 | AG10: 0 | AH10: 0 | AI10: 0 | AJ10: 0
A11: 10306 | B11: 1 | C11: 守卫7 | D11: 拳头怪3 | E11: 未使用 | F11: 客户端资源组 | G11: 1 | H11: 2 | I11: 0:0 | J11: 0 | K11: 800001021 | L11: 800001021 | M11: 1 | N11: 15 | O11: 2 | P11: 8 | Q11: 0 | R11: 25 | S11: -3000 | T11: 1 | U11: 0 | V11: 1:0_2:0_3:0_4:0_5:0_6:0_7:0_8:0_9:0_10:0_11:0_12:0_13:0_14:0_15:0_16:0_17:0_18:0_19:0_20:0_21:0_22:0_23:0_24:0_25:0_26:0_27:0_28:0_29:0_30:0_31:0_32:0_33:0_34:0_35:0_36:0_37:0_38:0_39:0_40:0_41:0_42:0_43:0_44:0_45:0_46:0_47:0_48:0_49:0_50:0_51:0_52:0_53:0_54:0_55:0_56:0_57:0_58:0_59:0_60:0_61:0_62:0_63:0_64:0_65:0_66:0_67:0_68:0_69:0_70:0_71:0_72:0_73:0_74:0_75:0_76:0_77:0_78:0_79:0_80:0_81:0_82:0_83:0_84:0_85:0_86:0_87:0_88:0_89:0_90:0_91:0_92:0_93:0_94:0_95:0_96:0_97:0_98:0_99:0_100:0_101:0_102:0_103:0_104:0_105:0_106:0_107:0_108:0_109:0_110:0_111:0_112:0_113:0_114:0_115:0_116:0_117:0_118:0_119:0_120:0_121:0_122:0_123:0_124:0_125:0_126:0_127:0_128:0_129:0_130:0_131:0_132:0_133:0_134:0_135:0_136:0_137:0_138:0_139:0_140:0_141:0_142:0_143:0_144:0_145:0_146:0_147:0_148:0_149:0_150:0_151:0_152:0_153:0_154:0_155:0_156:0_157:0_158:0_159:0_160:0 | W11: 1:0_2:0_3:0_4:0_5:0_6:0_7:0_8:0_9:0_10:0_11:0_12:0_13:0_14:0_15:0_16:0_17:0_18:0_19:0_20:0_21:0_22:0_23:0_24:0_25:0_26:0_27:0_28:0_29:0_30:0_31:0_32:0_33:0_34:0_35:0_36:0_37:0_38:0_39:0_40:0_41:0_42:0_43:0_44:0_45:0_46:0_47:0_48:0_49:0_50:0_51:0_52:0_53:0_54:0_55:0_56:0_57:0_58:0_59:0_60:0_61:0_62:0_63:0_64:0_65:0_66:0_67:0_68:0_69:0_70:0_71:0_72:0_73:0_74:0_75:0_76:0_77:0_78:0_79:0_80:0_81:0_82:0_83:0_84:0_85:0_86:0_87:0_88:0_89:0_90:0_91:0_92:0_93:0_94:0_95:0_96:0_97:0_98:0_99:0_100:0_101:0_102:0_103:0_104:0_105:0_106:0_107:0_108:0_109:0_110:0_111:0_112:0_113:0_114:0_115:0_116:0_117:0_118:0_119:0_120:0_121:0_122:0_123:0_124:0_125:0_126:0_127:0_128:0_129:0_130:0_131:0_132:0_133:0_134:0_135:0_136:0_137:0_138:0_139:0_140:0_141:0_142:0_143:0_144:0_145:0_146:0_147:0_148:0_149:0_150:0_151:0_152:0_153:0_154:0_155:0_156:0_157:0_158:0_159:0_160:0 | X11: 1:0_2:0_3:0_4:0_5:0_6:0_7:0_8:0_9:0_10:0_11:0_12:0_13:0_14:0_15:0_16:0_17:0_18:0_19:0_20:0_21:0_22:0_23:0_24:0_25:0_26:0_27:0_28:0_29:0_30:0_31:0_32:0_33:0_34:0_35:0_36:0_37:0_38:0_39:0_40:0_41:0_42:0_43:0_44:0_45:0_46:0_47:0_48:0_49:0_50:0_51:0_52:0_53:0_54:0_55:0_56:0_57:0_58:0_59:0_60:0_61:0_62:0_63:0_64:0_65:0_66:0_67:0_68:0_69:0_70:0_71:0_72:0_73:0_74:0_75:0_76:0_77:0_78:0_79:0_80:0_81:0_82:0_83:0_84:0_85:0_86:0_87:0_88:0_89:0_90:0_91:0_92:0_93:0_94:0_95:0_96:0_97:0_98:0_99:0_100:0_101:0_102:0_103:0_104:0_105:0_106:0_107:0_108:0_109:0_110:0_111:0_112:0_113:0_114:0_115:0_116:0_117:0_118:0_119:0_120:0_121:0_122:0_123:0_124:0_125:0_126:0_127:0_128:0_129:0_130:0_131:0_132:0_133:0_134:0_135:0_136:0_137:0_138:0_139:0_140:0_141:0_142:0_143:0_144:0_145:0_146:0_147:0_148:0_149:0_150:0_151:0_152:0_153:0_154:0_155:0_156:0_157:0_158:0_159:0_160:0 | Y11: 20010001 | Z11: 0 | AA11: 1 | AB11: 0:2500_50:5000_80:10000_125:15000_160:30000 | AC11: 10000 | AD11: 10000 | AE11: 0 | AF11: 40 | AG11: 0 | AH11: 0 | AI11: 0 | AJ11: 0
A12: 10307 | B12: 1 | C12: 守卫8 | D12: 第1关守卫 | E12: 未使用 | F12: 客户端资源组 | G12: 1 | H12: 2 | I12: 0:0 | J12: 0 | K12: 800001021 | L12: 800001021 | M12: 1 | N12: 35 | O12: 2 | P12: 8 | Q12: 0 | R12: 25 | S12: -3000 | T12: 1 | U12: 0 | V12: 1:0_2:0_3:0_4:0_5:0_6:0_7:0_8:0_9:0_10:0_11:0_12:0_13:0_14:0_15:0_16:0_17:0_18:0_19:0_20:0_21:0_22:0_23:0_24:0_25:0_26:0_27:0_28:0_29:0_30:0_31:0_32:0_33:0_34:0_35:0_36:0_37:0_38:0_39:0_40:0_41:0_42:0_43:0_44:0_45:0_46:0_47:0_48:0_49:0_50:0_51:0_52:0_53:0_54:0_55:0_56:0_57:0_58:0_59:0_60:0_61:0_62:0_63:0_64:0_65:0_66:0_67:0_68:0_69:0_70:0_71:0_72:0_73:0_74:0_75:0_76:0_77:0_78:0_79:0_80:0_81:0_82:0_83:0_84:0_85:0_86:0_87:0_88:0_89:0_90:0_91:0_92:0_93:0_94:0_95:0_96:0_97:0_98:0_99:0_100:0_101:0_102:0_103:0_104:0_105:0_106:0_107:0_108:0_109:0_110:0_111:0_112:0_113:0_114:0_115:0_116:0_117:0_118:0_119:0_120:0_121:0_122:0_123:0_124:0_125:0_126:0_127:0_128:0_129:0_130:0_131:0_132:0_133:0_134:0_135:0_136:0_137:0_138:0_139:0_140:0_141:0_142:0_143:0_144:0_145:0_146:0_147:0_148:0_149:0_150:0_151:0_152:0_153:0_154:0_155:0_156:0_157:0_158:0_159:0_160:0 | W12: 1:0_2:0_3:0_4:0_5:0_6:0_7:0_8:0_9:0_10:0_11:0_12:0_13:0_14:0_15:0_16:0_17:0_18:0_19:0_20:0_21:0_22:0_23:0_24:0_25:0_26:0_27:0_28:0_29:0_30:0_31:0_32:0_33:0_34:0_35:0_36:0_37:0_38:0_39:0_40:0_41:0_42:0_43:0_44:0_45:0_46:0_47:0_48:0_49:0_50:0_51:0_52:0_53:0_54:0_55:0_56:0_57:0_58:0_59:0_60:0_61:0_62:0_63:0_64:0_65:0_66:0_67:0_68:0_69:0_70:0_71:0_72:0_73:0_74:0_75:0_76:0_77:0_78:0_79:0_80:0_81:0_82:0_83:0_84:0_85:0_86:0_87:0_88:0_89:0_90:0_91:0_92:0_93:0_94:0_95:0_96:0_97:0_98:0_99:0_100:0_101:0_102:0_103:0_104:0_105:0_106:0_107:0_108:0_109:0_110:0_111:0_112:0_113:0_114:0_115:0_116:0_117:0_118:0_119:0_120:0_121:0_122:0_123:0_124:0_125:0_126:0_127:0_128:0_129:0_130:0_131:0_132:0_133:0_134:0_135:0_136:0_137:0_138:0_139:0_140:0_141:0_142:0_143:0_144:0_145:0_146:0_147:0_148:0_149:0_150:0_151:0_152:0_153:0_154:0_155:0_156:0_157:0_158:0_159:0_160:0 | X12: 1:0_2:0_3:0_4:0_5:0_6:0_7:0_8:0_9:0_10:0_11:0_12:0_13:0_14:0_15:0_16:0_17:0_18:0_19:0_20:0_21:0_22:0_23:0_24:0_25:0_26:0_27:0_28:0_29:0_30:0_31:0_32:0_33:0_34:0_35:0_36:0_37:0_38:0_39:0_40:0_41:0_42:0_43:0_44:0_45:0_46:0_47:0_48:0_49:0_50:0_51:0_52:0_53:0_54:0_55:0_56:0_57:0_58:0_59:0_60:0_61:0_62:0_63:0_64:0_65:0_66:0_67:0_68:0_69:0_70:0_71:0_72:0_73:0_74:0_75:0_76:0_77:0_78:0_79:0_80:0_81:0_82:0_83:0_84:0_85:0_86:0_87:0_88:0_89:0_90:0_91:0_92:0_93:0_94:0_95:0_96:0_97:0_98:0_99:0_100:0_101:0_102:0_103:0_104:0_105:0_106:0_107:0_108:0_109:0_110:0_111:0_112:0_113:0_114:0_115:0_116:0_117:0_118:0_119:0_120:0_121:0_122:0_123:0_124:0_125:0_126:0_127:0_128:0_129:0_130:0_131:0_132:0_133:0_134:0_135:0_136:0_137:0_138:0_139:0_140:0_141:0_142:0_143:0_144:0_145:0_146:0_147:0_148:0_149:0_150:0_151:0_152:0_153:0_154:0_155:0_156:0_157:0_158:0_159:0_160:0 | Y12: 20010001 | Z12: 0 | AA12: 1 | AB12: 0:2500_50:5000_80:10000_125:15000_160:30000 | AC12: 10000 | AD12: 10000 | AE12: 0 | AF12: 40 | AG12: 0 | AH12: 0 | AI12: 0 | AJ12: 0
A13: 10308 | B13: 1 | C13: 守卫9 | D13: 第1关守卫 | E13: 未使用 | F13: 客户端资源组 | G13: 1 | H13: 2 | I13: 0:0 | J13: 0 | K13: 800001021 | L13: 800001021 | M13: 1 | N13: 40 | O13: 2 | P13: 8 | Q13: 0 | R13: 25 | S13: -3000 | T13: 1 | U13: 0 | V13: 1:0_2:0_3:0_4:0_5:0_6:0_7:0_8:0_9:0_10:0_11:0_12:0_13:0_14:0_15:0_16:0_17:0_18:0_19:0_20:0_21:0_22:0_23:0_24:0_25:0_26:0_27:0_28:0_29:0_30:0_31:0_32:0_33:0_34:0_35:0_36:0_37:0_38:0_39:0_40:0_41:0_42:0_43:0_44:0_45:0_46:0_47:0_48:0_49:0_50:0_51:0_52:0_53:0_54:0_55:0_56:0_57:0_58:0_59:0_60:0_61:0_62:0_63:0_64:0_65:0_66:0_67:0_68:0_69:0_70:0_71:0_72:0_73:0_74:0_75:0_76:0_77:0_78:0_79:0_80:0_81:0_82:0_83:0_84:0_85:0_86:0_87:0_88:0_89:0_90:0_91:0_92:0_93:0_94:0_95:0_96:0_97:0_98:0_99:0_100:0_101:0_102:0_103:0_104:0_105:0_106:0_107:0_108:0_109:0_110:0_111:0_112:0_113:0_114:0_115:0_116:0_117:0_118:0_119:0_120:0_121:0_122:0_123:0_124:0_125:0_126:0_127:0_128:0_129:0_130:0_131:0_132:0_133:0_134:0_135:0_136:0_137:0_138:0_139:0_140:0_141:0_142:0_143:0_144:0_145:0_146:0_147:0_148:0_149:0_150:0_151:0_152:0_153:0_154:0_155:0_156:0_157:0_158:0_159:0_160:0 | W13: 1:0_2:0_3:0_4:0_5:0_6:0_7:0_8:0_9:0_10:0_11:0_12:0_13:0_14:0_15:0_16:0_17:0_18:0_19:0_20:0_21:0_22:0_23:0_24:0_25:0_26:0_27:0_28:0_29:0_30:0_31:0_32:0_33:0_34:0_35:0_36:0_37:0_38:0_39:0_40:0_41:0_42:0_43:0_44:0_45:0_46:0_47:0_48:0_49:0_50:0_51:0_52:0_53:0_54:0_55:0_56:0_57:0_58:0_59:0_60:0_61:0_62:0_63:0_64:0_65:0_66:0_67:0_68:0_69:0_70:0_71:0_72:0_73:0_74:0_75:0_76:0_77:0_78:0_79:0_80:0_81:0_82:0_83:0_84:0_85:0_86:0_87:0_88:0_89:0_90:0_91:0_92:0_93:0_94:0_95:0_96:0_97:0_98:0_99:0_100:0_101:0_102:0_103:0_104:0_105:0_106:0_107:0_108:0_109:0_110:0_111:0_112:0_113:0_114:0_115:0_116:0_117:0_118:0_119:0_120:0_121:0_122:0_123:0_124:0_125:0_126:0_127:0_128:0_129:0_130:0_131:0_132:0_133:0_134:0_135:0_136:0_137:0_138:0_139:0_140:0_141:0_142:0_143:0_144:0_145:0_146:0_147:0_148:0_149:0_150:0_151:0_152:0_153:0_154:0_155:0_156:0_157:0_158:0_159:0_160:0 | X13: 1:0_2:0_3:0_4:0_5:0_6:0_7:0_8:0_9:0_10:0_11:0_12:0_13:0_14:0_15:0_16:0_17:0_18:0_19:0_20:0_21:0_22:0_23:0_24:0_25:0_26:0_27:0_28:0_29:0_30:0_31:0_32:0_33:0_34:0_35:0_36:0_37:0_38:0_39:0_40:0_41:0_42:0_43:0_44:0_45:0_46:0_47:0_48:0_49:0_50:0_51:0_52:0_53:0_54:0_55:0_56:0_57:0_58:0_59:0_60:0_61:0_62:0_63:0_64:0_65:0_66:0_67:0_68:0_69:0_70:0_71:0_72:0_73:0_74:0_75:0_76:0_77:0_78:0_79:0_80:0_81:0_82:0_83:0_84:0_85:0_86:0_87:0_88:0_89:0_90:0_91:0_92:0_93:0_94:0_95:0_96:0_97:0_98:0_99:0_100:0_101:0_102:0_103:0_104:0_105:0_106:0_107:0_108:0_109:0_110:0_111:0_112:0_113:0_114:0_115:0_116:0_117:0_118:0_119:0_120:0_121:0_122:0_123:0_124:0_125:0_126:0_127:0_128:0_129:0_130:0_131:0_132:0_133:0_134:0_135:0_136:0_137:0_138:0_139:0_140:0_141:0_142:0_143:0_144:0_145:0_146:0_147:0_148:0_149:0_150:0_151:0_152:0_153:0_154:0_155:0_156:0_157:0_158:0_159:0_160:0 | Y13: 20010001 | Z13: 0 | AA13: 1 | AB13: 0:2500_50:5000_80:10000_125:15000_160:30000 | AC13: 10000 | AD13: 10000 | AE13: 0 | AF13: 40 | AG13: 0 | AH13: 0 | AI13: 0 | AJ13: 0
A14: 10309 | B14: 1 | C14: 守卫10 | D14: 第1关守卫 | E14: 未使用 | F14: 客户端资源组 | G14: 1 | H14: 2 | I14: 0:0 | J14: 0 | K14: 800001021 | L14: 800001021 | M14: 1 | N14: 90 | O14: 2 | P14: 8 | Q14: 0 | R14: 25 | S14: -3000 | T14: 1 | U14: 0 | V14: 1:0_2:0_3:0_4:0_5:0_6:0_7:0_8:0_9:0_10:0_11:0_12:0_13:0_14:0_15:0_16:0_17:0_18:0_19:0_20:0_21:0_22:0_23:0_24:0_25:0_26:0_27:0_28:0_29:0_30:0_31:0_32:0_33:0_34:0_35:0_36:0_37:0_38:0_39:0_40:0_41:0_42:0_43:0_44:0_45:0_46:0_47:0_48:0_49:0_50:0_51:0_52:0_53:0_54:0_55:0_56:0_57:0_58:0_59:0_60:0_61:0_62:0_63:0_64:0_65:0_66:0_67:0_68:0_69:0_70:0_71:0_72:0_73:0_74:0_75:0_76:0_77:0_78:0_79:0_80:0_81:0_82:0_83:0_84:0_85:0_86:0_87:0_88:0_89:0_90:0_91:0_92:0_93:0_94:0_95:0_96:0_97:0_98:0_99:0_100:0_101:0_102:0_103:0_104:0_105:0_106:0_107:0_108:0_109:0_110:0_111:0_112:0_113:0_114:0_115:0_116:0_117:0_118:0_119:0_120:0_121:0_122:0_123:0_124:0_125:0_126:0_127:0_128:0_129:0_130:0_131:0_132:0_133:0_134:0_135:0_136:0_137:0_138:0_139:0_140:0_141:0_142:0_143:0_144:0_145:0_146:0_147:0_148:0_149:0_150:0_151:0_152:0_153:0_154:0_155:0_156:0_157:0_158:0_159:0_160:0 | W14: 1:0_2:0_3:0_4:0_5:0_6:0_7:0_8:0_9:0_10:0_11:0_12:0_13:0_14:0_15:0_16:0_17:0_18:0_19:0_20:0_21:0_22:0_23:0_24:0_25:0_26:0_27:0_28:0_29:0_30:0_31:0_32:0_33:0_34:0_35:0_36:0_37:0_38:0_39:0_40:0_41:0_42:0_43:0_44:0_45:0_46:0_47:0_48:0_49:0_50:0_51:0_52:0_53:0_54:0_55:0_56:0_57:0_58:0_59:0_60:0_61:0_62:0_63:0_64:0_65:0_66:0_67:0_68:0_69:0_70:0_71:0_72:0_73:0_74:0_75:0_76:0_77:0_78:0_79:0_80:0_81:0_82:0_83:0_84:0_85:0_86:0_87:0_88:0_89:0_90:0_91:0_92:0_93:0_94:0_95:0_96:0_97:0_98:0_99:0_100:0_101:0_102:0_103:0_104:0_105:0_106:0_107:0_108:0_109:0_110:0_111:0_112:0_113:0_114:0_115:0_116:0_117:0_118:0_119:0_120:0_121:0_122:0_123:0_124:0_125:0_126:0_127:0_128:0_129:0_130:0_131:0_132:0_133:0_134:0_135:0_136:0_137:0_138:0_139:0_140:0_141:0_142:0_143:0_144:0_145:0_146:0_147:0_148:0_149:0_150:0_151:0_152:0_153:0_154:0_155:0_156:0_157:0_158:0_159:0_160:0 | X14: 1:0_2:0_3:0_4:0_5:0_6:0_7:0_8:0_9:0_10:0_11:0_12:0_13:0_14:0_15:0_16:0_17:0_18:0_19:0_20:0_21:0_22:0_23:0_24:0_25:0_26:0_27:0_28:0_29:0_30:0_31:0_32:0_33:0_34:0_35:0_36:0_37:0_38:0_39:0_40:0_41:0_42:0_43:0_44:0_45:0_46:0_47:0_48:0_49:0_50:0_51:0_52:0_53:0_54:0_55:0_56:0_57:0_58:0_59:0_60:0_61:0_62:0_63:0_64:0_65:0_66:0_67:0_68:0_69:0_70:0_71:0_72:0_73:0_74:0_75:0_76:0_77:0_78:0_79:0_80:0_81:0_82:0_83:0_84:0_85:0_86:0_87:0_88:0_89:0_90:0_91:0_92:0_93:0_94:0_95:0_96:0_97:0_98:0_99:0_100:0_101:0_102:0_103:0_104:0_105:0_106:0_107:0_108:0_109:0_110:0_111:0_112:0_113:0_114:0_115:0_116:0_117:0_118:0_119:0_120:0_121:0_122:0_123:0_124:0_125:0_126:0_127:0_128:0_129:0_130:0_131:0_132:0_133:0_134:0_135:0_136:0_137:0_138:0_139:0_140:0_141:0_142:0_143:0_144:0_145:0_146:0_147:0_148:0_149:0_150:0_151:0_152:0_153:0_154:0_155:0_156:0_157:0_158:0_159:0_160:0 | Y14: 20010001 | Z14: 0 | AA14: 1 | AB14: 0:2500_50:5000_80:10000_125:15000_160:30000 | AC14: 10000 | AD14: 10000 | AE14: 0 | AF14: 40 | AG14: 0 | AH14: 0 | AI14: 0 | AJ14: 0
A15: 10310 | B15: 1 | C15: 守卫11 | D15: 第1关守卫 | E15: 未使用 | F15: 客户端资源组 | G15: 1 | H15: 2 | I15: 0:0 | J15: 0 | K15: 800001021 | L15: 800001021 | M15: 1 | N15: 100 | O15: 2 | P15: 8 | Q15: 0 | R15: 25 | S15: -3000 | T15: 1 | U15: 0 | V15: 1:0_2:0_3:0_4:0_5:0_6:0_7:0_8:0_9:0_10:0_11:0_12:0_13:0_14:0_15:0_16:0_17:0_18:0_19:0_20:0_21:0_22:0_23:0_24:0_25:0_26:0_27:0_28:0_29:0_30:0_31:0_32:0_33:0_34:0_35:0_36:0_37:0_38:0_39:0_40:0_41:0_42:0_43:0_44:0_45:0_46:0_47:0_48:0_49:0_50:0_51:0_52:0_53:0_54:0_55:0_56:0_57:0_58:0_59:0_60:0_61:0_62:0_63:0_64:0_65:0_66:0_67:0_68:0_69:0_70:0_71:0_72:0_73:0_74:0_75:0_76:0_77:0_78:0_79:0_80:0_81:0_82:0_83:0_84:0_85:0_86:0_87:0_88:0_89:0_90:0_91:0_92:0_93:0_94:0_95:0_96:0_97:0_98:0_99:0_100:0_101:0_102:0_103:0_104:0_105:0_106:0_107:0_108:0_109:0_110:0_111:0_112:0_113:0_114:0_115:0_116:0_117:0_118:0_119:0_120:0_121:0_122:0_123:0_124:0_125:0_126:0_127:0_128:0_129:0_130:0_131:0_132:0_133:0_134:0_135:0_136:0_137:0_138:0_139:0_140:0_141:0_142:0_143:0_144:0_145:0_146:0_147:0_148:0_149:0_150:0_151:0_152:0_153:0_154:0_155:0_156:0_157:0_158:0_159:0_160:0 | W15: 1:0_2:0_3:0_4:0_5:0_6:0_7:0_8:0_9:0_10:0_11:0_12:0_13:0_14:0_15:0_16:0_17:0_18:0_19:0_20:0_21:0_22:0_23:0_24:0_25:0_26:0_27:0_28:0_29:0_30:0_31:0_32:0_33:0_34:0_35:0_36:0_37:0_38:0_39:0_40:0_41:0_42:0_43:0_44:0_45:0_46:0_47:0_48:0_49:0_50:0_51:0_52:0_53:0_54:0_55:0_56:0_57:0_58:0_59:0_60:0_61:0_62:0_63:0_64:0_65:0_66:0_67:0_68:0_69:0_70:0_71:0_72:0_73:0_74:0_75:0_76:0_77:0_78:0_79:0_80:0_81:0_82:0_83:0_84:0_85:0_86:0_87:0_88:0_89:0_90:0_91:0_92:0_93:0_94:0_95:0_96:0_97:0_98:0_99:0_100:0_101:0_102:0_103:0_104:0_105:0_106:0_107:0_108:0_109:0_110:0_111:0_112:0_113:0_114:0_115:0_116:0_117:0_118:0_119:0_120:0_121:0_122:0_123:0_124:0_125:0_126:0_127:0_128:0_129:0_130:0_131:0_132:0_133:0_134:0_135:0_136:0_137:0_138:0_139:0_140:0_141:0_142:0_143:0_144:0_145:0_146:0_147:0_148:0_149:0_150:0_151:0_152:0_153:0_154:0_155:0_156:0_157:0_158:0_159:0_160:0 | X15: 1:0_2:0_3:0_4:0_5:0_6:0_7:0_8:0_9:0_10:0_11:0_12:0_13:0_14:0_15:0_16:0_17:0_18:0_19:0_20:0_21:0_22:0_23:0_24:0_25:0_26:0_27:0_28:0_29:0_30:0_31:0_32:0_33:0_34:0_35:0_36:0_37:0_38:0_39:0_40:0_41:0_42:0_43:0_44:0_45:0_46:0_47:0_48:0_49:0_50:0_51:0_52:0_53:0_54:0_55:0_56:0_57:0_58:0_59:0_60:0_61:0_62:0_63:0_64:0_65:0_66:0_67:0_68:0_69:0_70:0_71:0_72:0_73:0_74:0_75:0_76:0_77:0_78:0_79:0_80:0_81:0_82:0_83:0_84:0_85:0_86:0_87:0_88:0_89:0_90:0_91:0_92:0_93:0_94:0_95:0_96:0_97:0_98:0_99:0_100:0_101:0_102:0_103:0_104:0_105:0_106:0_107:0_108:0_109:0_110:0_111:0_112:0_113:0_114:0_115:0_116:0_117:0_118:0_119:0_120:0_121:0_122:0_123:0_124:0_125:0_126:0_127:0_128:0_129:0_130:0_131:0_132:0_133:0_134:0_135:0_136:0_137:0_138:0_139:0_140:0_141:0_142:0_143:0_144:0_145:0_146:0_147:0_148:0_149:0_150:0_151:0_152:0_153:0_154:0_155:0_156:0_157:0_158:0_159:0_160:0 | Y15: 20010001 | Z15: 0 | AA15: 1 | AB15: 0:2500_50:5000_80:10000_125:15000_160:30000 | AC15: 10000 | AD15: 10000 | AE15: 0 | AF15: 40 | AG15: 0 | AH15: 0 | AI15: 0 | AJ15: 0
A16: 10401 | B16: 1 | C16: 卫兵 | D16: 雷霆魔头3 | E16: 未使用 | F16: 客户端资源组 | G16: 1 | H16: 2 | I16: 0:0 | J16: 0 | K16: 800001021 | L16: 800001021 | M16: 1 | N16: 100 | O16: 2 | P16: 8 | Q16: 0 | R16: 25 | S16: -3000 | T16: 1 | U16: 0 | V16: 1:0_2:0_3:0_4:0_5:0_6:0_7:0_8:0_9:0_10:0_11:0_12:0_13:0_14:0_15:0_16:0_17:0_18:0_19:0_20:0_21:0_22:0_23:0_24:0_25:0_26:0_27:0_28:0_29:0_30:0_31:0_32:0_33:0_34:0_35:0_36:0_37:0_38:0_39:0_40:0_41:0_42:0_43:0_44:0_45:0_46:0_47:0_48:0_49:0_50:0_51:0_52:0_53:0_54:0_55:0_56:0_57:0_58:0_59:0_60:0_61:0_62:0_63:0_64:0_65:0_66:0_67:0_68:0_69:0_70:0_71:0_72:0_73:0_74:0_75:0_76:0_77:0_78:0_79:0_80:0_81:0_82:0_83:0_84:0_85:0_86:0_87:0_88:0_89:0_90:0_91:0_92:0_93:0_94:0_95:0_96:0_97:0_98:0_99:0_100:0_101:0_102:0_103:0_104:0_105:0_106:0_107:0_108:0_109:0_110:0_111:0_112:0_113:0_114:0_115:0_116:0_117:0_118:0_119:0_120:0_121:0_122:0_123:0_124:0_125:0_126:0_127:0_128:0_129:0_130:0_131:0_132:0_133:0_134:0_135:0_136:0_137:0_138:0_139:0_140:0_141:0_142:0_143:0_144:0_145:0_146:0_147:0_148:0_149:0_150:0_151:0_152:0_153:0_154:0_155:0_156:0_157:0_158:0_159:0_160:0 | W16: 1:0_2:0_3:0_4:0_5:0_6:0_7:0_8:0_9:0_10:0_11:0_12:0_13:0_14:0_15:0_16:0_17:0_18:0_19:0_20:0_21:0_22:0_23:0_24:0_25:0_26:0_27:0_28:0_29:0_30:0_31:0_32:0_33:0_34:0_35:0_36:0_37:0_38:0_39:0_40:0_41:0_42:0_43:0_44:0_45:0_46:0_47:0_48:0_49:0_50:0_51:0_52:0_53:0_54:0_55:0_56:0_57:0_58:0_59:0_60:0_61:0_62:0_63:0_64:0_65:0_66:0_67:0_68:0_69:0_70:0_71:0_72:0_73:0_74:0_75:0_76:0_77:0_78:0_79:0_80:0_81:0_82:0_83:0_84:0_85:0_86:0_87:0_88:0_89:0_90:0_91:0_92:0_93:0_94:0_95:0_96:0_97:0_98:0_99:0_100:0_101:0_102:0_103:0_104:0_105:0_106:0_107:0_108:0_109:0_110:0_111:0_112:0_113:0_114:0_115:0_116:0_117:0_118:0_119:0_120:0_121:0_122:0_123:0_124:0_125:0_126:0_127:0_128:0_129:0_130:0_131:0_132:0_133:0_134:0_135:0_136:0_137:0_138:0_139:0_140:0_141:0_142:0_143:0_144:0_145:0_146:0_147:0_148:0_149:0_150:0_151:0_152:0_153:0_154:0_155:0_156:0_157:0_158:0_159:0_160:0 | X16: 1:0_2:0_3:0_4:0_5:0_6:0_7:0_8:0_9:0_10:0_11:0_12:0_13:0_14:0_15:0_16:0_17:0_18:0_19:0_20:0_21:0_22:0_23:0_24:0_25:0_26:0_27:0_28:0_29:0_30:0_31:0_32:0_33:0_34:0_35:0_36:0_37:0_38:0_39:0_40:0_41:0_42:0_43:0_44:0_45:0_46:0_47:0_48:0_49:0_50:0_51:0_52:0_53:0_54:0_55:0_56:0_57:0_58:0_59:0_60:0_61:0_62:0_63:0_64:0_65:0_66:0_67:0_68:0_69:0_70:0_71:0_72:0_73:0_74:0_75:0_76:0_77:0_78:0_79:0_80:0_81:0_82:0_83:0_84:0_85:0_86:0_87:0_88:0_89:0_90:0_91:0_92:0_93:0_94:0_95:0_96:0_97:0_98:0_99:0_100:0_101:0_102:0_103:0_104:0_105:0_106:0_107:0_108:0_109:0_110:0_111:0_112:0_113:0_114:0_115:0_116:0_117:0_118:0_119:0_120:0_121:0_122:0_123:0_124:0_125:0_126:0_127:0_128:0_129:0_130:0_131:0_132:0_133:0_134:0_135:0_136:0_137:0_138:0_139:0_140:0_141:0_142:0_143:0_144:0_145:0_146:0_147:0_148:0_149:0_150:0_151:0_152:0_153:0_154:0_155:0_156:0_157:0_158:0_159:0_160:0 | Y16: 20010001 | Z16: 0 | AA16: 1 | AB16: 0:2500_2:5000_3:10000_5:15000_6:30000 | AC16: 10000 | AD16: 10000 | AE16: 0 | AF16: 40 | AG16: 0 | AH16: 0 | AI16: 0 | AJ16: 0
... A18: 10403 | B18: 1 | C18: 卫兵 | D18: 雷霆魔头3 | E18: 未使用 | F18: 客户端资源组 | G18: 1 | H18: 2 | I18: 0:0 | J18: 0 | K18: 800001021 | L18: 800001021 | M18: 1 | N18: 100 | O18: 2 | P18: 8 | Q18: 0 | R18: 25 | S18: -3000 | T18: 1 | U18: 0 | V18: 1:0_2:0_3:0_4:0_5:0_6:0_7:0_8:0_9:0_10:0_11:0_12:0_13:0_14:0_15:0_16:0_17:0_18:0_19:0_20:0_21:0_22:0_23:0_24:0_25:0_26:0_27:0_28:0_29:0_30:0_31:0_32:0_33:0_34:0_35:0_36:0_37:0_38:0_39:0_40:0_41:0_42:0_43:0_44:0_45:0_46:0_47:0_48:0_49:0_50:0_51:0_52:0_53:0_54:0_55:0_56:0_57:0_58:0_59:0_60:0_61:0_62:0_63:0_64:0_65:0_66:0_67:0_68:0_69:0_70:0_71:0_72:0_73:0_74:0_75:0_76:0_77:0_78:0_79:0_80:0_81:0_82:0_83:0_84:0_85:0_86:0_87:0_88:0_89:0_90:0_91:0_92:0_93:0_94:0_95:0_96:0_97:0_98:0_99:0_100:0_101:0_102:0_103:0_104:0_105:0_106:0_107:0_108:0_109:0_110:0_111:0_112:0_113:0_114:0_115:0_116:0_117:0_118:0_119:0_120:0_121:0_122:0_123:0_124:0_125:0_126:0_127:0_128:0_129:0_130:0_131:0_132:0_133:0_134:0_135:0_136:0_137:0_138:0_139:0_140:0_141:0_142:0_143:0_144:0_145:0_146:0_147:0_148:0_149:0_150:0_151:0_152:0_153:0_154:0_155:0_156:0_157:0_158:0_159:0_160:0 | W18: 1:0_2:0_3:0_4:0_5:0_6:0_7:0_8:0_9:0_10:0_11:0_12:0_13:0_14:0_15:0_16:0_17:0_18:0_19:0_20:0_21:0_22:0_23:0_24:0_25:0_26:0_27:0_28:0_29:0_30:0_31:0_32:0_33:0_34:0_35:0_36:0_37:0_38:0_39:0_40:0_41:0_42:0_43:0_44:0_45:0_46:0_47:0_48:0_49:0_50:0_51:0_52:0_53:0_54:0_55:0_56:0_57:0_58:0_59:0_60:0_61:0_62:0_63:0_64:0_65:0_66:0_67:0_68:0_69:0_70:0_71:0_72:0_73:0_74:0_75:0_76:0_77:0_78:0_79:0_80:0_81:0_82:0_83:0_84:0_85:0_86:0_87:0_88:0_89:0_90:0_91:0_92:0_93:0_94:0_95:0_96:0_97:0_98:0_99:0_100:0_101:0_102:0_103:0_104:0_105:0_106:0_107:0_108:0_109:0_110:0_111:0_112:0_113:0_114:0_115:0_116:0_117:0_118:0_119:0_120:0_121:0_122:0_123:0_124:0_125:0_126:0_127:0_128:0_129:0_130:0_131:0_132:0_133:0_134:0_135:0_136:0_137:0_138:0_139:0_140:0_141:0_142:0_143:0_144:0_145:0_146:0_147:0_148:0_149:0_150:0_151:0_152:0_153:0_154:0_155:0_156:0_157:0_158:0_159:0_160:0 | X18: 1:0_2:0_3:0_4:0_5:0_6:0_7:0_8:0_9:0_10:0_11:0_12:0_13:0_14:0_15:0_16:0_17:0_18:0_19:0_20:0_21:0_22:0_23:0_24:0_25:0_26:0_27:0_28:0_29:0_30:0_31:0_32:0_33:0_34:0_35:0_36:0_37:0_38:0_39:0_40:0_41:0_42:0_43:0_44:0_45:0_46:0_47:0_48:0_49:0_50:0_51:0_52:0_53:0_54:0_55:0_56:0_57:0_58:0_59:0_60:0_61:0_62:0_63:0_64:0_65:0_66:0_67:0_68:0_69:0_70:0_71:0_72:0_73:0_74:0_75:0_76:0_77:0_78:0_79:0_80:0_81:0_82:0_83:0_84:0_85:0_86:0_87:0_88:0_89:0_90:0_91:0_92:0_93:0_94:0_95:0_96:0_97:0_98:0_99:0_100:0_101:0_102:0_103:0_104:0_105:0_106:0_107:0_108:0_109:0_110:0_111:0_112:0_113:0_114:0_115:0_116:0_117:0_118:0_119:0_120:0_121:0_122:0_123:0_124:0_125:0_126:0_127:0_128:0_129:0_130:0_131:0_132:0_133:0_134:0_135:0_136:0_137:0_138:0_139:0_140:0_141:0_142:0_143:0_144:0_145:0_146:0_147:0_148:0_149:0_150:0_151:0_152:0_153:0_154:0_155:0_156:0_157:0_158:0_159:0_160:0 | Y18: 20010001 | Z18: 0 | AA18: 1 | AB18: 0:2500_2:5000_3:10000_5:15000_6:30000 | AC18: 10000 | AD18: 10000 | AE18: 0 | AF18: 40 | AG18: 0 | AH18: 0 | AI18: 0 | AJ18: 0
A19: 20201 | B19: 2 | C19: 守卫1 | D19: 雷霆魔头3 | E19: 未使用 | F19: 客户端资源组 | G19: 2 | H19: 2 | I19: 0:0 | J19: 0 | K19: 雷霆魔头 | L19: 800001021 | M19: 2 | N19: 240 | O19: 1 | P19: 12 | Q19: 0 | R19: 36 | S19: -3000 | T19: 1 | U19: 80 | V19: 1:0_2:0_3:0_4:0_5:0_6:0_7:0_8:0_9:0_10:0_11:0_12:0_13:0_14:0_15:0_16:0_17:0_18:0_19:0_20:0_21:0_22:0_23:0_24:0_25:0_26:0_27:0_28:0_29:0_30:0_31:0_32:0_33:0_34:0_35:0_36:0_37:0_38:0_39:0_40:0_41:0_42:0_43:0_44:0_45:0_46:0_47:0_48:0_49:0_50:0_51:0_52:0_53:0_54:0_55:0_56:0_57:0_58:0_59:0_60:0_61:0_62:0_63:0_64:0_65:0_66:0_67:0_68:0_69:0_70:0_71:0_72:0_73:0_74:0_75:0_76:0_77:0_78:0_79:0_80:0_81:0_82:0_83:0_84:0_85:0_86:0_87:0_88:0_89:0_90:0_91:0_92:0_93:0_94:0_95:0_96:0_97:0_98:0_99:0_100:0_101:0_102:0_103:0_104:0_105:0_106:0_107:0_108:0_109:0_110:0_111:0_112:0_113:0_114:0_115:0_116:0_117:0_118:0_119:0_120:0_121:0_122:0_123:0_124:0_125:0_126:0_127:0_128:0_129:0_130:0_131:0_132:0_133:0_134:0_135:0_136:0_137:0_138:0_139:0_140:0_141:0_142:0_143:0_144:0_145:0_146:0_147:0_148:0_149:0_150:0_151:0_152:0_153:0_154:0_155:0_156:0_157:0_158:0_159:0_160:0 | W19: 1:0_2:0_3:0_4:0_5:0_6:0_7:0_8:0_9:0_10:0_11:0_12:0_13:0_14:0_15:0_16:0_17:0_18:0_19:0_20:0_21:0_22:0_23:0_24:0_25:0_26:0_27:0_28:0_29:0_30:0_31:0_32:0_33:0_34:0_35:0_36:0_37:0_38:0_39:0_40:0_41:0_42:0_43:0_44:0_45:0_46:0_47:0_48:0_49:0_50:0_51:0_52:0_53:0_54:0_55:0_56:0_57:0_58:0_59:0_60:0_61:0_62:0_63:0_64:0_65:0_66:0_67:0_68:0_69:0_70:0_71:0_72:0_73:0_74:0_75:0_76:0_77:0_78:0_79:0_80:0_81:0_82:0_83:0_84:0_85:0_86:0_87:0_88:0_89:0_90:0_91:0_92:0_93:0_94:0_95:0_96:0_97:0_98:0_99:0_100:0_101:0_102:0_103:0_104:0_105:0_106:0_107:0_108:0_109:0_110:0_111:0_112:0_113:0_114:0_115:0_116:0_117:0_118:0_119:0_120:0_121:0_122:0_123:0_124:0_125:0_126:0_127:0_128:0_129:0_130:0_131:0_132:0_133:0_134:0_135:0_136:0_137:0_138:0_139:0_140:0_141:0_142:0_143:0_144:0_145:0_146:0_147:0_148:0_149:0_150:0_151:0_152:0_153:0_154:0_155:0_156:0_157:0_158:0_159:0_160:0 | X19: 1:2_2:635_3:635_4:635_5:405_6:405_7:315_8:315_9:315_10:315_11:315_12:315_13:315_14:315_15:315_16:315_17:315_18:315_19:315_20:315_21:315_22:315_23:315_24:315_25:315_26:315_27:315_28:315_29:315_30:315_31:315_32:315_33:315_34:315_35:315_36:315_37:315_38:315_39:315_40:315_41:315_42:315_43:315_44:315_45:315_46:315_47:315_48:315_49:315_50:315_51:315_52:315_53:315_54:315_55:315_56:315_57:315_58:315_59:315_60:315_61:315_62:315_63:315_64:315_65:315_66:315_67:315_68:315_69:315_70:315_71:315_72:315_73:315_74:315_75:315_76:315_77:315_78:315_79:315_80:315_81:315_82:315_83:315_84:315_85:315_86:315_87:315_88:315_89:315_90:315_91:315_92:315_93:315_94:315_95:315_96:315_97:315_98:315_99:315_100:315_101:0_102:0_103:0_104:0_105:0_106:0_107:0_108:0_109:0_110:0_111:0_112:0_113:0_114:0_115:0_116:0_117:0_118:0_119:0_120:0_121:0_122:0_123:0_124:0_125:0_126:0_127:0_128:0_129:0_130:0_131:0_132:0_133:0_134:0_135:0_136:0_137:0_138:0_139:0_140:0_141:0_142:0_143:0_144:0_145:0_146:0_147:0_148:0_149:0_150:0_151:0_152:0_153:0_154:0_155:0_156:0_157:0_158:0_159:0_160:0 | Y19: 20010001 | Z19: 0 | AA19: 1 | AB19: 0:2500_50:5000_80:10000_125:15000_160:30000 | AC19: 10000 | AD19: 10000 | AE19: 25010001 | AF19: 40 | AG19: 0 | AH19: 0 | AI19: 0 | AJ19: 0
A20: 20301 | B20: 2 | C20: 守卫2 | D20: 野猪怪 | E20: 未使用 | F20: 客户端资源组 | G20: 2 | H20: 2 | I20: 0:0 | J20: 0 | K20: 獠牙霸主 | L20: 800001021 | M20: 2 | N20: 300 | O20: 2 | P20: 13 | Q20: 0 | R20: 40 | S20: -3000 | T20: 1 | U20: 80 | V20: 1:0_2:0_3:0_4:0_5:0_6:0_7:0_8:0_9:0_10:0_11:0_12:0_13:0_14:0_15:0_16:0_17:0_18:0_19:0_20:0_21:0_22:0_23:0_24:0_25:0_26:0_27:0_28:0_29:0_30:0_31:0_32:0_33:0_34:0_35:0_36:0_37:0_38:0_39:0_40:0_41:0_42:0_43:0_44:0_45:0_46:0_47:0_48:0_49:0_50:0_51:0_52:0_53:0_54:0_55:0_56:0_57:0_58:0_59:0_60:0_61:0_62:0_63:0_64:0_65:0_66:0_67:0_68:0_69:0_70:0_71:0_72:0_73:0_74:0_75:0_76:0_77:0_78:0_79:0_80:0_81:0_82:0_83:0_84:0_85:0_86:0_87:0_88:0_89:0_90:0_91:0_92:0_93:0_94:0_95:0_96:0_97:0_98:0_99:0_100:0_101:0_102:0_103:0_104:0_105:0_106:0_107:0_108:0_109:0_110:0_111:0_112:0_113:0_114:0_115:0_116:0_117:0_118:0_119:0_120:0_121:0_122:0_123:0_124:0_125:0_126:0_127:0_128:0_129:0_130:0_131:0_132:0_133:0_134:0_135:0_136:0_137:0_138:0_139:0_140:0_141:0_142:0_143:0_144:0_145:0_146:0_147:0_148:0_149:0_150:0_151:0_152:0_153:0_154:0_155:0_156:0_157:0_158:0_159:0_160:0 | W20: 1:0_2:0_3:0_4:0_5:0_6:0_7:0_8:0_9:0_10:0_11:0_12:0_13:0_14:0_15:0_16:0_17:0_18:0_19:0_20:0_21:0_22:0_23:0_24:0_25:0_26:0_27:0_28:0_29:0_30:0_31:0_32:0_33:0_34:0_35:0_36:0_37:0_38:0_39:0_40:0_41:0_42:0_43:0_44:0_45:0_46:0_47:0_48:0_49:0_50:0_51:0_52:0_53:0_54:0_55:0_56:0_57:0_58:0_59:0_60:0_61:0_62:0_63:0_64:0_65:0_66:0_67:0_68:0_69:0_70:0_71:0_72:0_73:0_74:0_75:0_76:0_77:0_78:0_79:0_80:0_81:0_82:0_83:0_84:0_85:0_86:0_87:0_88:0_89:0_90:0_91:0_92:0_93:0_94:0_95:0_96:0_97:0_98:0_99:0_100:0_101:0_102:0_103:0_104:0_105:0_106:0_107:0_108:0_109:0_110:0_111:0_112:0_113:0_114:0_115:0_116:0_117:0_118:0_119:0_120:0_121:0_122:0_123:0_124:0_125:0_126:0_127:0_128:0_129:0_130:0_131:0_132:0_133:0_134:0_135:0_136:0_137:0_138:0_139:0_140:0_141:0_142:0_143:0_144:0_145:0_146:0_147:0_148:0_149:0_150:0_151:0_152:0_153:0_154:0_155:0_156:0_157:0_158:0_159:0_160:0 | X20: 1:2_2:635_3:635_4:635_5:405_6:405_7:315_8:315_9:315_10:315_11:315_12:315_13:315_14:315_15:315_16:315_17:315_18:315_19:315_20:315_21:315_22:315_23:315_24:315_25:315_26:315_27:315_28:315_29:315_30:315_31:315_32:315_33:315_34:315_35:315_36:315_37:315_38:315_39:315_40:315_41:315_42:315_43:315_44:315_45:315_46:315_47:315_48:315_49:315_50:315_51:315_52:315_53:315_54:315_55:315_56:315_57:315_58:315_59:315_60:315_61:315_62:315_63:315_64:315_65:315_66:315_67:315_68:315_69:315_70:315_71:315_72:315_73:315_74:315_75:315_76:315_77:315_78:315_79:315_80:315_81:315_82:315_83:315_84:315_85:315_86:315_87:315_88:315_89:315_90:315_91:315_92:315_93:315_94:315_95:315_96:315_97:315_98:315_99:315_100:315_101:0_102:0_103:0_104:0_105:0_106:0_107:0_108:0_109:0_110:0_111:0_112:0_113:0_114:0_115:0_116:0_117:0_118:0_119:0_120:0_121:0_122:0_123:0_124:0_125:0_126:0_127:0_128:0_129:0_130:0_131:0_132:0_133:0_134:0_135:0_136:0_137:0_138:0_139:0_140:0_141:0_142:0_143:0_144:0_145:0_146:0_147:0_148:0_149:0_150:0_151:0_152:0_153:0_154:0_155:0_156:0_157:0_158:0_159:0_160:0 | Y20: 20010001 | Z20: 0 | AA20: 1 | AB20: 0:2500_50:5000_80:10000_125:15000_160:30000 | AC20: 10000 | AD20: 10000 | AE20: 25010001 | AF20: 40 | AG20: 0 | AH20: 0 | AI20: 0 | AJ20: 0
A21: 20302 | B21: 2 | C21: 守卫3 | D21: 喷火恶龙2 | E21: 未使用 | F21: 客户端资源组 | G21: 2 | H21: 2 | I21: 0:0 | J21: 0 | K21: 喷火恶龙 | L21: 800001021 | M21: 2 | N21: 700 | O21: 2 | P21: 14 | Q21: 0 | R21: 44 | S21: -3000 | T21: 1 | U21: 80 | V21: 1:0_2:0_3:0_4:0_5:0_6:0_7:0_8:0_9:0_10:0_11:0_12:0_13:0_14:0_15:0_16:0_17:0_18:0_19:0_20:0_21:0_22:0_23:0_24:0_25:0_26:0_27:0_28:0_29:0_30:0_31:0_32:0_33:0_34:0_35:0_36:0_37:0_38:0_39:0_40:0_41:0_42:0_43:0_44:0_45:0_46:0_47:0_48:0_49:0_50:0_51:0_52:0_53:0_54:0_55:0_56:0_57:0_58:0_59:0_60:0_61:0_62:0_63:0_64:0_65:0_66:0_67:0_68:0_69:0_70:0_71:0_72:0_73:0_74:0_75:0_76:0_77:0_78:0_79:0_80:0_81:0_82:0_83:0_84:0_85:0_86:0_87:0_88:0_89:0_90:0_91:0_92:0_93:0_94:0_95:0_96:0_97:0_98:0_99:0_100:0_101:0_102:0_103:0_104:0_105:0_106:0_107:0_108:0_109:0_110:0_111:0_112:0_113:0_114:0_115:0_116:0_117:0_118:0_119:0_120:0_121:0_122:0_123:0_124:0_125:0_126:0_127:0_128:0_129:0_130:0_131:0_132:0_133:0_134:0_135:0_136:0_137:0_138:0_139:0_140:0_141:0_142:0_143:0_144:0_145:0_146:0_147:0_148:0_149:0_150:0_151:0_152:0_153:0_154:0_155:0_156:0_157:0_158:0_159:0_160:0 | W21: 1:0_2:0_3:0_4:0_5:0_6:0_7:0_8:0_9:0_10:0_11:0_12:0_13:0_14:0_15:0_16:0_17:0_18:0_19:0_20:0_21:0_22:0_23:0_24:0_25:0_26:0_27:0_28:0_29:0_30:0_31:0_32:0_33:0_34:0_35:0_36:0_37:0_38:0_39:0_40:0_41:0_42:0_43:0_44:0_45:0_46:0_47:0_48:0_49:0_50:0_51:0_52:0_53:0_54:0_55:0_56:0_57:0_58:0_59:0_60:0_61:0_62:0_63:0_64:0_65:0_66:0_67:0_68:0_69:0_70:0_71:0_72:0_73:0_74:0_75:0_76:0_77:0_78:0_79:0_80:0_81:0_82:0_83:0_84:0_85:0_86:0_87:0_88:0_89:0_90:0_91:0_92:0_93:0_94:0_95:0_96:0_97:0_98:0_99:0_100:0_101:0_102:0_103:0_104:0_105:0_106:0_107:0_108:0_109:0_110:0_111:0_112:0_113:0_114:0_115:0_116:0_117:0_118:0_119:0_120:0_121:0_122:0_123:0_124:0_125:0_126:0_127:0_128:0_129:0_130:0_131:0_132:0_133:0_134:0_135:0_136:0_137:0_138:0_139:0_140:0_141:0_142:0_143:0_144:0_145:0_146:0_147:0_148:0_149:0_150:0_151:0_152:0_153:0_154:0_155:0_156:0_157:0_158:0_159:0_160:0 | X21: 1:2_2:635_3:635_4:635_5:405_6:405_7:315_8:315_9:315_10:315_11:315_12:315_13:315_14:315_15:315_16:315_17:315_18:315_19:315_20:315_21:315_22:315_23:315_24:315_25:315_26:315_27:315_28:315_29:315_30:315_31:315_32:315_33:315_34:315_35:315_36:315_37:315_38:315_39:315_40:315_41:315_42:315_43:315_44:315_45:315_46:315_47:315_48:315_49:315_50:315_51:315_52:315_53:315_54:315_55:315_56:315_57:315_58:315_59:315_60:315_61:315_62:315_63:315_64:315_65:315_66:315_67:315_68:315_69:315_70:315_71:315_72:315_73:315_74:315_75:315_76:315_77:315_78:315_79:315_80:315_81:315_82:315_83:315_84:315_85:315_86:315_87:315_88:315_89:315_90:315_91:315_92:315_93:315_94:315_95:315_96:315_97:315_98:315_99:315_100:315_101:0_102:0_103:0_104:0_105:0_106:0_107:0_108:0_109:0_110:0_111:0_112:0_113:0_114:0_115:0_116:0_117:0_118:0_119:0_120:0_121:0_122:0_123:0_124:0_125:0_126:0_127:0_128:0_129:0_130:0_131:0_132:0_133:0_134:0_135:0_136:0_137:0_138:0_139:0_140:0_141:0_142:0_143:0_144:0_145:0_146:0_147:0_148:0_149:0_150:0_151:0_152:0_153:0_154:0_155:0_156:0_157:0_158:0_159:0_160:0 | Y21: 20010001 | Z21: 0 | AA21: 1 | AB21: 0:2500_50:5000_80:10000_125:15000_160:30000 | AC21: 10000 | AD21: 10000 | AE21: 25010001 | AF21: 40 | AG21: 0 | AH21: 0 | AI21: 0 | AJ21: 0
A22: 20303 | B22: 2 | C22: 守卫4 | D22: 爆裂悍匪2 | E22: 未使用 | F22: 客户端资源组 | G22: 2 | H22: 2 | I22: 0:0 | J22: 0 | K22: 爆裂悍匪 | L22: 800001021 | M22: 2 | N22: 800 | O22: 2 | P22: 11 | Q22: 0 | R22: 45 | S22: -3000 | T22: 1 | U22: 100 | V22: 1:0_2:0_3:0_4:0_5:0_6:0_7:0_8:0_9:0_10:0_11:0_12:0_13:0_14:0_15:0_16:0_17:0_18:0_19:0_20:0_21:0_22:0_23:0_24:0_25:0_26:0_27:0_28:0_29:0_30:0_31:0_32:0_33:0_34:0_35:0_36:0_37:0_38:0_39:0_40:0_41:0_42:0_43:0_44:0_45:0_46:0_47:0_48:0_49:0_50:0_51:0_52:0_53:0_54:0_55:0_56:0_57:0_58:0_59:0_60:0_61:0_62:0_63:0_64:0_65:0_66:0_67:0_68:0_69:0_70:0_71:0_72:0_73:0_74:0_75:0_76:0_77:0_78:0_79:0_80:0_81:0_82:0_83:0_84:0_85:0_86:0_87:0_88:0_89:0_90:0_91:0_92:0_93:0_94:0_95:0_96:0_97:0_98:0_99:0_100:0_101:0_102:0_103:0_104:0_105:0_106:0_107:0_108:0_109:0_110:0_111:0_112:0_113:0_114:0_115:0_116:0_117:0_118:0_119:0_120:0_121:0_122:0_123:0_124:0_125:0_126:0_127:0_128:0_129:0_130:0_131:0_132:0_133:0_134:0_135:0_136:0_137:0_138:0_139:0_140:0_141:0_142:0_143:0_144:0_145:0_146:0_147:0_148:0_149:0_150:0_151:0_152:0_153:0_154:0_155:0_156:0_157:0_158:0_159:0_160:0 | W22: 1:0_2:0_3:0_4:0_5:0_6:0_7:0_8:0_9:0_10:0_11:0_12:0_13:0_14:0_15:0_16:0_17:0_18:0_19:0_20:0_21:0_22:0_23:0_24:0_25:0_26:0_27:0_28:0_29:0_30:0_31:0_32:0_33:0_34:0_35:0_36:0_37:0_38:0_39:0_40:0_41:0_42:0_43:0_44:0_45:0_46:0_47:0_48:0_49:0_50:0_51:0_52:0_53:0_54:0_55:0_56:0_57:0_58:0_59:0_60:0_61:0_62:0_63:0_64:0_65:0_66:0_67:0_68:0_69:0_70:0_71:0_72:0_73:0_74:0_75:0_76:0_77:0_78:0_79:0_80:0_81:0_82:0_83:0_84:0_85:0_86:0_87:0_88:0_89:0_90:0_91:0_92:0_93:0_94:0_95:0_96:0_97:0_98:0_99:0_100:0_101:0_102:0_103:0_104:0_105:0_106:0_107:0_108:0_109:0_110:0_111:0_112:0_113:0_114:0_115:0_116:0_117:0_118:0_119:0_120:0_121:0_122:0_123:0_124:0_125:0_126:0_127:0_128:0_129:0_130:0_131:0_132:0_133:0_134:0_135:0_136:0_137:0_138:0_139:0_140:0_141:0_142:0_143:0_144:0_145:0_146:0_147:0_148:0_149:0_150:0_151:0_152:0_153:0_154:0_155:0_156:0_157:0_158:0_159:0_160:0 | X22: 1:2_2:635_3:635_4:635_5:405_6:405_7:315_8:315_9:315_10:315_11:315_12:315_13:315_14:315_15:315_16:315_17:315_18:315_19:315_20:315_21:315_22:315_23:315_24:315_25:315_26:315_27:315_28:315_29:315_30:315_31:315_32:315_33:315_34:315_35:315_36:315_37:315_38:315_39:315_40:315_41:315_42:315_43:315_44:315_45:315_46:315_47:315_48:315_49:315_50:315_51:315_52:315_53:315_54:315_55:315_56:315_57:315_58:315_59:315_60:315_61:315_62:315_63:315_64:315_65:315_66:315_67:315_68:315_69:315_70:315_71:315_72:315_73:315_74:315_75:315_76:315_77:315_78:315_79:315_80:315_81:315_82:315_83:315_84:315_85:315_86:315_87:315_88:315_89:315_90:315_91:315_92:315_93:315_94:315_95:315_96:315_97:315_98:315_99:315_100:315_101:0_102:0_103:0_104:0_105:0_106:0_107:0_108:0_109:0_110:0_111:0_112:0_113:0_114:0_115:0_116:0_117:0_118:0_119:0_120:0_121:0_122:0_123:0_124:0_125:0_126:0_127:0_128:0_129:0_130:0_131:0_132:0_133:0_134:0_135:0_136:0_137:0_138:0_139:0_140:0_141:0_142:0_143:0_144:0_145:0_146:0_147:0_148:0_149:0_150:0_151:0_152:0_153:0_154:0_155:0_156:0_157:0_158:0_159:0_160:0 | Y22: 20010001 | Z22: 0 | AA22: 1 | AB22: 0:2500_50:5000_80:10000_125:15000_160:30000 | AC22: 10000 | AD22: 10000 | AE22: 25010001 | AF22: 40 | AG22: 0 | AH22: 0 | AI22: 0 | AJ22: 0
A23: 20304 | B23: 2 | C23: 守卫5 | D23: 斯巴达勇士2 | E23: 未使用 | F23: 客户端资源组 | G23: 2 | H23: 2 | I23: 0:0 | J23: 0 | K23: 斯巴达勇士 | L23: 800001021 | M23: 2 | N23: 1500 | O23: 2 | P23: 12 | Q23: 0 | R23: 50 | S23: -3000 | T23: 1 | U23: 100 | V23: 1:0_2:0_3:0_4:0_5:0_6:0_7:0_8:0_9:0_10:0_11:0_12:0_13:0_14:0_15:0_16:0_17:0_18:0_19:0_20:0_21:0_22:0_23:0_24:0_25:0_26:0_27:0_28:0_29:0_30:0_31:0_32:0_33:0_34:0_35:0_36:0_37:0_38:0_39:0_40:0_41:0_42:0_43:0_44:0_45:0_46:0_47:0_48:0_49:0_50:0_51:0_52:0_53:0_54:0_55:0_56:0_57:0_58:0_59:0_60:0_61:0_62:0_63:0_64:0_65:0_66:0_67:0_68:0_69:0_70:0_71:0_72:0_73:0_74:0_75:0_76:0_77:0_78:0_79:0_80:0_81:0_82:0_83:0_84:0_85:0_86:0_87:0_88:0_89:0_90:0_91:0_92:0_93:0_94:0_95:0_96:0_97:0_98:0_99:0_100:0_101:0_102:0_103:0_104:0_105:0_106:0_107:0_108:0_109:0_110:0_111:0_112:0_113:0_114:0_115:0_116:0_117:0_118:0_119:0_120:0_121:0_122:0_123:0_124:0_125:0_126:0_127:0_128:0_129:0_130:0_131:0_132:0_133:0_134:0_135:0_136:0_137:0_138:0_139:0_140:0_141:0_142:0_143:0_144:0_145:0_146:0_147:0_148:0_149:0_150:0_151:0_152:0_153:0_154:0_155:0_156:0_157:0_158:0_159:0_160:0 | W23: 1:0_2:0_3:0_4:0_5:0_6:0_7:0_8:0_9:0_10:0_11:0_12:0_13:0_14:0_15:0_16:0_17:0_18:0_19:0_20:0_21:0_22:0_23:0_24:0_25:0_26:0_27:0_28:0_29:0_30:0_31:0_32:0_33:0_34:0_35:0_36:0_37:0_38:0_39:0_40:0_41:0_42:0_43:0_44:0_45:0_46:0_47:0_48:0_49:0_50:0_51:0_52:0_53:0_54:0_55:0_56:0_57:0_58:0_59:0_60:0_61:0_62:0_63:0_64:0_65:0_66:0_67:0_68:0_69:0_70:0_71:0_72:0_73:0_74:0_75:0_76:0_77:0_78:0_79:0_80:0_81:0_82:0_83:0_84:0_85:0_86:0_87:0_88:0_89:0_90:0_91:0_92:0_93:0_94:0_95:0_96:0_97:0_98:0_99:0_100:0_101:0_102:0_103:0_104:0_105:0_106:0_107:0_108:0_109:0_110:0_111:0_112:0_113:0_114:0_115:0_116:0_117:0_118:0_119:0_120:0_121:0_122:0_123:0_124:0_125:0_126:0_127:0_128:0_129:0_130:0_131:0_132:0_133:0_134:0_135:0_136:0_137:0_138:0_139:0_140:0_141:0_142:0_143:0_144:0_145:0_146:0_147:0_148:0_149:0_150:0_151:0_152:0_153:0_154:0_155:0_156:0_157:0_158:0_159:0_160:0 | X23: 1:2_2:635_3:635_4:635_5:405_6:405_7:315_8:315_9:315_10:315_11:315_12:315_13:315_14:315_15:315_16:315_17:315_18:315_19:315_20:315_21:315_22:315_23:315_24:315_25:315_26:315_27:315_28:315_29:315_30:315_31:315_32:315_33:315_34:315_35:315_36:315_37:315_38:315_39:315_40:315_41:315_42:315_43:315_44:315_45:315_46:315_47:315_48:315_49:315_50:315_51:315_52:315_53:315_54:315_55:315_56:315_57:315_58:315_59:315_60:315_61:315_62:315_63:315_64:315_65:315_66:315_67:315_68:315_69:315_70:315_71:315_72:315_73:315_74:315_75:315_76:315_77:315_78:315_79:315_80:315_81:315_82:315_83:315_84:315_85:315_86:315_87:315_88:315_89:315_90:315_91:315_92:315_93:315_94:315_95:315_96:315_97:315_98:315_99:315_100:315_101:0_102:0_103:0_104:0_105:0_106:0_107:0_108:0_109:0_110:0_111:0_112:0_113:0_114:0_115:0_116:0_117:0_118:0_119:0_120:0_121:0_122:0_123:0_124:0_125:0_126:0_127:0_128:0_129:0_130:0_131:0_132:0_133:0_134:0_135:0_136:0_137:0_138:0_139:0_140:0_141:0_142:0_143:0_144:0_145:0_146:0_147:0_148:0_149:0_150:0_151:0_152:0_153:0_154:0_155:0_156:0_157:0_158:0_159:0_160:0 | Y23: 20010001 | Z23: 0 | AA23: 1 | AB23: 0:2500_50:5000_80:10000_125:15000_160:30000 | AC23: 10000 | AD23: 10000 | AE23: 25010001 | AF23: 40 | AG23: 0 | AH23: 0 | AI23: 0 | AJ23: 0
A24: 20305 | B24: 2 | C24: 守卫6 | D24: 毒气猛士3 | E24: 未使用 | F24: 客户端资源组 | G24: 2 | H24: 2 | I24: 0:0 | J24: 0 | K24: 变异暴徒 | L24: 800001021 | M24: 2 | N24: 3000 | O24: 2 | P24: 13 | Q24: 0 | R24: 55 | S24: -3000 | T24: 1 | U24: 100 | V24: 1:0_2:0_3:0_4:0_5:0_6:0_7:0_8:0_9:0_10:0_11:0_12:0_13:0_14:0_15:0_16:0_17:0_18:0_19:0_20:0_21:0_22:0_23:0_24:0_25:0_26:0_27:0_28:0_29:0_30:0_31:0_32:0_33:0_34:0_35:0_36:0_37:0_38:0_39:0_40:0_41:0_42:0_43:0_44:0_45:0_46:0_47:0_48:0_49:0_50:0_51:0_52:0_53:0_54:0_55:0_56:0_57:0_58:0_59:0_60:0_61:0_62:0_63:0_64:0_65:0_66:0_67:0_68:0_69:0_70:0_71:0_72:0_73:0_74:0_75:0_76:0_77:0_78:0_79:0_80:0_81:0_82:0_83:0_84:0_85:0_86:0_87:0_88:0_89:0_90:0_91:0_92:0_93:0_94:0_95:0_96:0_97:0_98:0_99:0_100:0_101:0_102:0_103:0_104:0_105:0_106:0_107:0_108:0_109:0_110:0_111:0_112:0_113:0_114:0_115:0_116:0_117:0_118:0_119:0_120:0_121:0_122:0_123:0_124:0_125:0_126:0_127:0_128:0_129:0_130:0_131:0_132:0_133:0_134:0_135:0_136:0_137:0_138:0_139:0_140:0_141:0_142:0_143:0_144:0_145:0_146:0_147:0_148:0_149:0_150:0_151:0_152:0_153:0_154:0_155:0_156:0_157:0_158:0_159:0_160:0 | W24: 1:0_2:0_3:0_4:0_5:0_6:0_7:0_8:0_9:0_10:0_11:0_12:0_13:0_14:0_15:0_16:0_17:0_18:0_19:0_20:0_21:0_22:0_23:0_24:0_25:0_26:0_27:0_28:0_29:0_30:0_31:0_32:0_33:0_34:0_35:0_36:0_37:0_38:0_39:0_40:0_41:0_42:0_43:0_44:0_45:0_46:0_47:0_48:0_49:0_50:0_51:0_52:0_53:0_54:0_55:0_56:0_57:0_58:0_59:0_60:0_61:0_62:0_63:0_64:0_65:0_66:0_67:0_68:0_69:0_70:0_71:0_72:0_73:0_74:0_75:0_76:0_77:0_78:0_79:0_80:0_81:0_82:0_83:0_84:0_85:0_86:0_87:0_88:0_89:0_90:0_91:0_92:0_93:0_94:0_95:0_96:0_97:0_98:0_99:0_100:0_101:0_102:0_103:0_104:0_105:0_106:0_107:0_108:0_109:0_110:0_111:0_112:0_113:0_114:0_115:0_116:0_117:0_118:0_119:0_120:0_121:0_122:0_123:0_124:0_125:0_126:0_127:0_128:0_129:0_130:0_131:0_132:0_133:0_134:0_135:0_136:0_137:0_138:0_139:0_140:0_141:0_142:0_143:0_144:0_145:0_146:0_147:0_148:0_149:0_150:0_151:0_152:0_153:0_154:0_155:0_156:0_157:0_158:0_159:0_160:0 | X24: 1:2_2:635_3:635_4:635_5:405_6:405_7:315_8:315_9:315_10:315_11:315_12:315_13:315_14:315_15:315_16:315_17:315_18:315_19:315_20:315_21:315_22:315_23:315_24:315_25:315_26:315_27:315_28:315_29:315_30:315_31:315_32:315_33:315_34:315_35:315_36:315_37:315_38:315_39:315_40:315_41:315_42:315_43:315_44:315_45:315_46:315_47:315_48:315_49:315_50:315_51:315_52:315_53:315_54:315_55:315_56:315_57:315_58:315_59:315_60:315_61:315_62:315_63:315_64:315_65:315_66:315_67:315_68:315_69:315_70:315_71:315_72:315_73:315_74:315_75:315_76:315_77:315_78:315_79:315_80:315_81:315_82:315_83:315_84:315_85:315_86:315_87:315_88:315_89:315_90:315_91:315_92:315_93:315_94:315_95:315_96:315_97:315_98:315_99:315_100:315_101:0_102:0_103:0_104:0_105:0_106:0_107:0_108:0_109:0_110:0_111:0_112:0_113:0_114:0_115:0_116:0_117:0_118:0_119:0_120:0_121:0_122:0_123:0_124:0_125:0_126:0_127:0_128:0_129:0_130:0_131:0_132:0_133:0_134:0_135:0_136:0_137:0_138:0_139:0_140:0_141:0_142:0_143:0_144:0_145:0_146:0_147:0_148:0_149:0_150:0_151:0_152:0_153:0_154:0_155:0_156:0_157:0_158:0_159:0_160:0 | Y24: 20010001 | Z24: 0 | AA24: 1 | AB24: 0:2500_50:5000_80:10000_125:15000_160:30000 | AC24: 10000 | AD24: 10000 | AE24: 25010001 | AF24: 40 | AG24: 0 | AH24: 0 | AI24: 0 | AJ24: 0
A25: 20306 | B25: 2 | C25: 守卫7 | D25: 拳头怪3 | E25: 未使用 | F25: 客户端资源组 | G25: 2 | H25: 2 | I25: 0:0 | J25: 0 | K25: 铠甲战士 | L25: 800001021 | M25: 2 | N25: 4800 | O25: 2 | P25: 14 | Q25: 0 | R25: 160 | S25: -3000 | T25: 1 | U25: 500 | V25: 1:0_2:0_3:0_4:0_5:0_6:0_7:0_8:0_9:0_10:0_11:0_12:0_13:0_14:0_15:0_16:0_17:0_18:0_19:0_20:0_21:0_22:0_23:0_24:0_25:0_26:0_27:0_28:0_29:0_30:0_31:0_32:0_33:0_34:0_35:0_36:0_37:0_38:0_39:0_40:0_41:0_42:0_43:0_44:0_45:0_46:0_47:0_48:0_49:0_50:0_51:0_52:0_53:0_54:0_55:0_56:0_57:0_58:0_59:0_60:0_61:0_62:0_63:0_64:0_65:0_66:0_67:0_68:0_69:0_70:0_71:0_72:0_73:0_74:0_75:0_76:0_77:0_78:0_79:0_80:0_81:0_82:0_83:0_84:0_85:0_86:0_87:0_88:0_89:0_90:0_91:0_92:0_93:0_94:0_95:0_96:0_97:0_98:0_99:0_100:0_101:0_102:0_103:0_104:0_105:0_106:0_107:0_108:0_109:0_110:0_111:0_112:0_113:0_114:0_115:0_116:0_117:0_118:0_119:0_120:0_121:0_122:0_123:0_124:0_125:0_126:0_127:0_128:0_129:0_130:0_131:0_132:0_133:0_134:0_135:0_136:0_137:0_138:0_139:0_140:0_141:0_142:0_143:0_144:0_145:0_146:0_147:0_148:0_149:0_150:0_151:0_152:0_153:0_154:0_155:0_156:0_157:0_158:0_159:0_160:0 | W25: 1:0_2:0_3:0_4:0_5:0_6:0_7:0_8:0_9:0_10:0_11:0_12:0_13:0_14:0_15:0_16:0_17:0_18:0_19:0_20:0_21:0_22:0_23:0_24:0_25:0_26:0_27:0_28:0_29:0_30:0_31:0_32:0_33:0_34:0_35:0_36:0_37:0_38:0_39:0_40:0_41:0_42:0_43:0_44:0_45:0_46:0_47:0_48:0_49:0_50:0_51:0_52:0_53:0_54:0_55:0_56:0_57:0_58:0_59:0_60:0_61:0_62:0_63:0_64:0_65:0_66:0_67:0_68:0_69:0_70:0_71:0_72:0_73:0_74:0_75:0_76:0_77:0_78:0_79:0_80:0_81:0_82:0_83:0_84:0_85:0_86:0_87:0_88:0_89:0_90:0_91:0_92:0_93:0_94:0_95:0_96:0_97:0_98:0_99:0_100:0_101:0_102:0_103:0_104:0_105:0_106:0_107:0_108:0_109:0_110:0_111:0_112:0_113:0_114:0_115:0_116:0_117:0_118:0_119:0_120:0_121:0_122:0_123:0_124:0_125:0_126:0_127:0_128:0_129:0_130:0_131:0_132:0_133:0_134:0_135:0_136:0_137:0_138:0_139:0_140:0_141:0_142:0_143:0_144:0_145:0_146:0_147:0_148:0_149:0_150:0_151:0_152:0_153:0_154:0_155:0_156:0_157:0_158:0_159:0_160:0 | X25: 1:2_2:635_3:635_4:635_5:405_6:405_7:315_8:315_9:315_10:315_11:315_12:315_13:315_14:315_15:315_16:315_17:315_18:315_19:315_20:315_21:315_22:315_23:315_24:315_25:315_26:315_27:315_28:315_29:315_30:315_31:315_32:315_33:315_34:315_35:315_36:315_37:315_38:315_39:315_40:315_41:315_42:315_43:315_44:315_45:315_46:315_47:315_48:315_49:315_50:315_51:315_52:315_53:315_54:315_55:315_56:315_57:315_58:315_59:315_60:315_61:315_62:315_63:315_64:315_65:315_66:315_67:315_68:315_69:315_70:315_71:315_72:315_73:315_74:315_75:315_76:315_77:315_78:315_79:315_80:315_81:315_82:315_83:315_84:315_85:315_86:315_87:315_88:315_89:315_90:315_91:315_92:315_93:315_94:315_95:315_96:315_97:315_98:315_99:315_100:315_101:0_102:0_103:0_104:0_105:0_106:0_107:0_108:0_109:0_110:0_111:0_112:0_113:0_114:0_115:0_116:0_117:0_118:0_119:0_120:0_121:0_122:0_123:0_124:0_125:0_126:0_127:0_128:0_129:0_130:0_131:0_132:0_133:0_134:0_135:0_136:0_137:0_138:0_139:0_140:0_141:0_142:0_143:0_144:0_145:0_146:0_147:0_148:0_149:0_150:0_151:0_152:0_153:0_154:0_155:0_156:0_157:0_158:0_159:0_160:0 | Y25: 20010001 | Z25: 0 | AA25: 1 | AB25: 0:2500_50:5000_80:10000_125:15000_160:30000 | AC25: 10000 | AD25: 10000 | AE25: 25010001 | AF25: 40 | AG25: 0 | AH25: 0 | AI25: 0 | AJ25: 0
A26: 20307 | B26: 2 | C26: 守卫8 | D26: 第1关守卫 | E26: 未使用 | F26: 客户端资源组 | G26: 2 | H26: 2 | I26: 0:0 | J26: 0 | K26: 第1关守卫 | L26: 800001021 | M26: 2 | N26: 8000 | O26: 2 | P26: 18 | Q26: 0 | R26: 200 | S26: -3000 | T26: 1 | U26: 500 | V26: 1:0_2:0_3:0_4:0_5:0_6:0_7:0_8:0_9:0_10:0_11:0_12:0_13:0_14:0_15:0_16:0_17:0_18:0_19:0_20:0_21:0_22:0_23:0_24:0_25:0_26:0_27:0_28:0_29:0_30:0_31:0_32:0_33:0_34:0_35:0_36:0_37:0_38:0_39:0_40:0_41:0_42:0_43:0_44:0_45:0_46:0_47:0_48:0_49:0_50:0_51:0_52:0_53:0_54:0_55:0_56:0_57:0_58:0_59:0_60:0_61:0_62:0_63:0_64:0_65:0_66:0_67:0_68:0_69:0_70:0_71:0_72:0_73:0_74:0_75:0_76:0_77:0_78:0_79:0_80:0_81:0_82:0_83:0_84:0_85:0_86:0_87:0_88:0_89:0_90:0_91:0_92:0_93:0_94:0_95:0_96:0_97:0_98:0_99:0_100:0_101:0_102:0_103:0_104:0_105:0_106:0_107:0_108:0_109:0_110:0_111:0_112:0_113:0_114:0_115:0_116:0_117:0_118:0_119:0_120:0_121:0_122:0_123:0_124:0_125:0_126:0_127:0_128:0_129:0_130:0_131:0_132:0_133:0_134:0_135:0_136:0_137:0_138:0_139:0_140:0_141:0_142:0_143:0_144:0_145:0_146:0_147:0_148:0_149:0_150:0_151:0_152:0_153:0_154:0_155:0_156:0_157:0_158:0_159:0_160:0 | W26: 1:0_2:0_3:0_4:0_5:0_6:0_7:0_8:0_9:0_10:0_11:0_12:0_13:0_14:0_15:0_16:0_17:0_18:0_19:0_20:0_21:0_22:0_23:0_24:0_25:0_26:0_27:0_28:0_29:0_30:0_31:0_32:0_33:0_34:0_35:0_36:0_37:0_38:0_39:0_40:0_41:0_42:0_43:0_44:0_45:0_46:0_47:0_48:0_49:0_50:0_51:0_52:0_53:0_54:0_55:0_56:0_57:0_58:0_59:0_60:0_61:0_62:0_63:0_64:0_65:0_66:0_67:0_68:0_69:0_70:0_71:0_72:0_73:0_74:0_75:0_76:0_77:0_78:0_79:0_80:0_81:0_82:0_83:0_84:0_85:0_86:0_87:0_88:0_89:0_90:0_91:0_92:0_93:0_94:0_95:0_96:0_97:0_98:0_99:0_100:0_101:0_102:0_103:0_104:0_105:0_106:0_107:0_108:0_109:0_110:0_111:0_112:0_113:0_114:0_115:0_116:0_117:0_118:0_119:0_120:0_121:0_122:0_123:0_124:0_125:0_126:0_127:0_128:0_129:0_130:0_131:0_132:0_133:0_134:0_135:0_136:0_137:0_138:0_139:0_140:0_141:0_142:0_143:0_144:0_145:0_146:0_147:0_148:0_149:0_150:0_151:0_152:0_153:0_154:0_155:0_156:0_157:0_158:0_159:0_160:0 | X26: 1:2_2:635_3:635_4:635_5:405_6:405_7:315_8:315_9:315_10:315_11:315_12:315_13:315_14:315_15:315_16:315_17:315_18:315_19:315_20:315_21:315_22:315_23:315_24:315_25:315_26:315_27:315_28:315_29:315_30:315_31:315_32:315_33:315_34:315_35:315_36:315_37:315_38:315_39:315_40:315_41:315_42:315_43:315_44:315_45:315_46:315_47:315_48:315_49:315_50:315_51:315_52:315_53:315_54:315_55:315_56:315_57:315_58:315_59:315_60:315_61:315_62:315_63:315_64:315_65:315_66:315_67:315_68:315_69:315_70:315_71:315_72:315_73:315_74:315_75:315_76:315_77:315_78:315_79:315_80:315_81:315_82:315_83:315_84:315_85:315_86:315_87:315_88:315_89:315_90:315_91:315_92:315_93:315_94:315_95:315_96:315_97:315_98:315_99:315_100:315_101:0_102:0_103:0_104:0_105:0_106:0_107:0_108:0_109:0_110:0_111:0_112:0_113:0_114:0_115:0_116:0_117:0_118:0_119:0_120:0_121:0_122:0_123:0_124:0_125:0_126:0_127:0_128:0_129:0_130:0_131:0_132:0_133:0_134:0_135:0_136:0_137:0_138:0_139:0_140:0_141:0_142:0_143:0_144:0_145:0_146:0_147:0_148:0_149:0_150:0_151:0_152:0_153:0_154:0_155:0_156:0_157:0_158:0_159:0_160:0 | Y26: 20010001 | Z26: 0 | AA26: 1 | AB26: 0:2500_50:5000_80:10000_125:15000_160:30000 | AC26: 10000 | AD26: 10000 | AE26: 25010001 | AF26: 40 | AG26: 0 | AH26: 0 | AI26: 0 | AJ26: 0
A27: 20308 | B27: 2 | C27: 守卫9 | D27: 第1关守卫 | E27: 未使用 | F27: 客户端资源组 | G27: 2 | H27: 2 | I27: 0:0 | J27: 0 | K27: 第1关守卫 | L27: 800001021 | M27: 2 | N27: 100 | O27: 2 | P27: 22 | Q27: 0 | R27: 240 | S27: -3000 | T27: 1 | U27: 500 | V27: 1:0_2:0_3:0_4:0_5:0_6:0_7:0_8:0_9:0_10:0_11:0_12:0_13:0_14:0_15:0_16:0_17:0_18:0_19:0_20:0_21:0_22:0_23:0_24:0_25:0_26:0_27:0_28:0_29:0_30:0_31:0_32:0_33:0_34:0_35:0_36:0_37:0_38:0_39:0_40:0_41:0_42:0_43:0_44:0_45:0_46:0_47:0_48:0_49:0_50:0_51:0_52:0_53:0_54:0_55:0_56:0_57:0_58:0_59:0_60:0_61:0_62:0_63:0_64:0_65:0_66:0_67:0_68:0_69:0_70:0_71:0_72:0_73:0_74:0_75:0_76:0_77:0_78:0_79:0_80:0_81:0_82:0_83:0_84:0_85:0_86:0_87:0_88:0_89:0_90:0_91:0_92:0_93:0_94:0_95:0_96:0_97:0_98:0_99:0_100:0_101:0_102:0_103:0_104:0_105:0_106:0_107:0_108:0_109:0_110:0_111:0_112:0_113:0_114:0_115:0_116:0_117:0_118:0_119:0_120:0_121:0_122:0_123:0_124:0_125:0_126:0_127:0_128:0_129:0_130:0_131:0_132:0_133:0_134:0_135:0_136:0_137:0_138:0_139:0_140:0_141:0_142:0_143:0_144:0_145:0_146:0_147:0_148:0_149:0_150:0_151:0_152:0_153:0_154:0_155:0_156:0_157:0_158:0_159:0_160:0 | W27: 1:0_2:0_3:0_4:0_5:0_6:0_7:0_8:0_9:0_10:0_11:0_12:0_13:0_14:0_15:0_16:0_17:0_18:0_19:0_20:0_21:0_22:0_23:0_24:0_25:0_26:0_27:0_28:0_29:0_30:0_31:0_32:0_33:0_34:0_35:0_36:0_37:0_38:0_39:0_40:0_41:0_42:0_43:0_44:0_45:0_46:0_47:0_48:0_49:0_50:0_51:0_52:0_53:0_54:0_55:0_56:0_57:0_58:0_59:0_60:0_61:0_62:0_63:0_64:0_65:0_66:0_67:0_68:0_69:0_70:0_71:0_72:0_73:0_74:0_75:0_76:0_77:0_78:0_79:0_80:0_81:0_82:0_83:0_84:0_85:0_86:0_87:0_88:0_89:0_90:0_91:0_92:0_93:0_94:0_95:0_96:0_97:0_98:0_99:0_100:0_101:0_102:0_103:0_104:0_105:0_106:0_107:0_108:0_109:0_110:0_111:0_112:0_113:0_114:0_115:0_116:0_117:0_118:0_119:0_120:0_121:0_122:0_123:0_124:0_125:0_126:0_127:0_128:0_129:0_130:0_131:0_132:0_133:0_134:0_135:0_136:0_137:0_138:0_139:0_140:0_141:0_142:0_143:0_144:0_145:0_146:0_147:0_148:0_149:0_150:0_151:0_152:0_153:0_154:0_155:0_156:0_157:0_158:0_159:0_160:0 | X27: 1:2_2:635_3:635_4:635_5:405_6:405_7:315_8:315_9:315_10:315_11:315_12:315_13:315_14:315_15:315_16:315_17:315_18:315_19:315_20:315_21:315_22:315_23:315_24:315_25:315_26:315_27:315_28:315_29:315_30:315_31:315_32:315_33:315_34:315_35:315_36:315_37:315_38:315_39:315_40:315_41:315_42:315_43:315_44:315_45:315_46:315_47:315_48:315_49:315_50:315_51:315_52:315_53:315_54:315_55:315_56:315_57:315_58:315_59:315_60:315_61:315_62:315_63:315_64:315_65:315_66:315_67:315_68:315_69:315_70:315_71:315_72:315_73:315_74:315_75:315_76:315_77:315_78:315_79:315_80:315_81:315_82:315_83:315_84:315_85:315_86:315_87:315_88:315_89:315_90:315_91:315_92:315_93:315_94:315_95:315_96:315_97:315_98:315_99:315_100:315_101:0_102:0_103:0_104:0_105:0_106:0_107:0_108:0_109:0_110:0_111:0_112:0_113:0_114:0_115:0_116:0_117:0_118:0_119:0_120:0_121:0_122:0_123:0_124:0_125:0_126:0_127:0_128:0_129:0_130:0_131:0_132:0_133:0_134:0_135:0_136:0_137:0_138:0_139:0_140:0_141:0_142:0_143:0_144:0_145:0_146:0_147:0_148:0_149:0_150:0_151:0_152:0_153:0_154:0_155:0_156:0_157:0_158:0_159:0_160:0 | Y27: 20010001 | Z27: 0 | AA27: 1 | AB27: 0:2500_50:5000_80:10000_125:15000_160:30000 | AC27: 10000 | AD27: 10000 | AE27: 25010001 | AF27: 40 | AG27: 0 | AH27: 0 | AI27: 0 | AJ27: 0
A28: 20309 | B28: 2 | C28: 守卫10 | D28: 第1关守卫 | E28: 未使用 | F28: 客户端资源组 | G28: 2 | H28: 2 | I28: 0:0 | J28: 0 | K28: 第1关守卫 | L28: 800001021 | M28: 2 | N28: 100 | O28: 2 | P28: 24 | Q28: 0 | R28: 720 | S28: -3000 | T28: 1 | U28: 1200 | V28: 1:0_2:0_3:0_4:0_5:0_6:0_7:0_8:0_9:0_10:0_11:0_12:0_13:0_14:0_15:0_16:0_17:0_18:0_19:0_20:0_21:0_22:0_23:0_24:0_25:0_26:0_27:0_28:0_29:0_30:0_31:0_32:0_33:0_34:0_35:0_36:0_37:0_38:0_39:0_40:0_41:0_42:0_43:0_44:0_45:0_46:0_47:0_48:0_49:0_50:0_51:0_52:0_53:0_54:0_55:0_56:0_57:0_58:0_59:0_60:0_61:0_62:0_63:0_64:0_65:0_66:0_67:0_68:0_69:0_70:0_71:0_72:0_73:0_74:0_75:0_76:0_77:0_78:0_79:0_80:0_81:0_82:0_83:0_84:0_85:0_86:0_87:0_88:0_89:0_90:0_91:0_92:0_93:0_94:0_95:0_96:0_97:0_98:0_99:0_100:0_101:0_102:0_103:0_104:0_105:0_106:0_107:0_108:0_109:0_110:0_111:0_112:0_113:0_114:0_115:0_116:0_117:0_118:0_119:0_120:0_121:0_122:0_123:0_124:0_125:0_126:0_127:0_128:0_129:0_130:0_131:0_132:0_133:0_134:0_135:0_136:0_137:0_138:0_139:0_140:0_141:0_142:0_143:0_144:0_145:0_146:0_147:0_148:0_149:0_150:0_151:0_152:0_153:0_154:0_155:0_156:0_157:0_158:0_159:0_160:0 | W28: 1:0_2:0_3:0_4:0_5:0_6:0_7:0_8:0_9:0_10:0_11:0_12:0_13:0_14:0_15:0_16:0_17:0_18:0_19:0_20:0_21:0_22:0_23:0_24:0_25:0_26:0_27:0_28:0_29:0_30:0_31:0_32:0_33:0_34:0_35:0_36:0_37:0_38:0_39:0_40:0_41:0_42:0_43:0_44:0_45:0_46:0_47:0_48:0_49:0_50:0_51:0_52:0_53:0_54:0_55:0_56:0_57:0_58:0_59:0_60:0_61:0_62:0_63:0_64:0_65:0_66:0_67:0_68:0_69:0_70:0_71:0_72:0_73:0_74:0_75:0_76:0_77:0_78:0_79:0_80:0_81:0_82:0_83:0_84:0_85:0_86:0_87:0_88:0_89:0_90:0_91:0_92:0_93:0_94:0_95:0_96:0_97:0_98:0_99:0_100:0_101:0_102:0_103:0_104:0_105:0_106:0_107:0_108:0_109:0_110:0_111:0_112:0_113:0_114:0_115:0_116:0_117:0_118:0_119:0_120:0_121:0_122:0_123:0_124:0_125:0_126:0_127:0_128:0_129:0_130:0_131:0_132:0_133:0_134:0_135:0_136:0_137:0_138:0_139:0_140:0_141:0_142:0_143:0_144:0_145:0_146:0_147:0_148:0_149:0_150:0_151:0_152:0_153:0_154:0_155:0_156:0_157:0_158:0_159:0_160:0 | X28: 1:2_2:635_3:635_4:635_5:405_6:405_7:315_8:315_9:315_10:315_11:315_12:315_13:315_14:315_15:315_16:315_17:315_18:315_19:315_20:315_21:315_22:315_23:315_24:315_25:315_26:315_27:315_28:315_29:315_30:315_31:315_32:315_33:315_34:315_35:315_36:315_37:315_38:315_39:315_40:315_41:315_42:315_43:315_44:315_45:315_46:315_47:315_48:315_49:315_50:315_51:315_52:315_53:315_54:315_55:315_56:315_57:315_58:315_59:315_60:315_61:315_62:315_63:315_64:315_65:315_66:315_67:315_68:315_69:315_70:315_71:315_72:315_73:315_74:315_75:315_76:315_77:315_78:315_79:315_80:315_81:315_82:315_83:315_84:315_85:315_86:315_87:315_88:315_89:315_90:315_91:315_92:315_93:315_94:315_95:315_96:315_97:315_98:315_99:315_100:315_101:0_102:0_103:0_104:0_105:0_106:0_107:0_108:0_109:0_110:0_111:0_112:0_113:0_114:0_115:0_116:0_117:0_118:0_119:0_120:0_121:0_122:0_123:0_124:0_125:0_126:0_127:0_128:0_129:0_130:0_131:0_132:0_133:0_134:0_135:0_136:0_137:0_138:0_139:0_140:0_141:0_142:0_143:0_144:0_145:0_146:0_147:0_148:0_149:0_150:0_151:0_152:0_153:0_154:0_155:0_156:0_157:0_158:0_159:0_160:0 | Y28: 20010001 | Z28: 0 | AA28: 1 | AB28: 0:2500_50:5000_80:10000_125:15000_160:30000 | AC28: 10000 | AD28: 10000 | AE28: 25010001 | AF28: 40 | AG28: 0 | AH28: 0 | AI28: 0 | AJ28: 0
A29: 20310 | B29: 2 | C29: 守卫11 | D29: 第1关守卫 | E29: 未使用 | F29: 客户端资源组 | G29: 2 | H29: 2 | I29: 0:0 | J29: 0 | K29: 第1关守卫 | L29: 800001021 | M29: 2 | N29: 100 | O29: 2 | P29: 27 | Q29: 0 | R29: 800 | S29: -3000 | T29: 1 | U29: 1200 | V29: 1:0_2:0_3:0_4:0_5:0_6:0_7:0_8:0_9:0_10:0_11:0_12:0_13:0_14:0_15:0_16:0_17:0_18:0_19:0_20:0_21:0_22:0_23:0_24:0_25:0_26:0_27:0_28:0_29:0_30:0_31:0_32:0_33:0_34:0_35:0_36:0_37:0_38:0_39:0_40:0_41:0_42:0_43:0_44:0_45:0_46:0_47:0_48:0_49:0_50:0_51:0_52:0_53:0_54:0_55:0_56:0_57:0_58:0_59:0_60:0_61:0_62:0_63:0_64:0_65:0_66:0_67:0_68:0_69:0_70:0_71:0_72:0_73:0_74:0_75:0_76:0_77:0_78:0_79:0_80:0_81:0_82:0_83:0_84:0_85:0_86:0_87:0_88:0_89:0_90:0_91:0_92:0_93:0_94:0_95:0_96:0_97:0_98:0_99:0_100:0_101:0_102:0_103:0_104:0_105:0_106:0_107:0_108:0_109:0_110:0_111:0_112:0_113:0_114:0_115:0_116:0_117:0_118:0_119:0_120:0_121:0_122:0_123:0_124:0_125:0_126:0_127:0_128:0_129:0_130:0_131:0_132:0_133:0_134:0_135:0_136:0_137:0_138:0_139:0_140:0_141:0_142:0_143:0_144:0_145:0_146:0_147:0_148:0_149:0_150:0_151:0_152:0_153:0_154:0_155:0_156:0_157:0_158:0_159:0_160:0 | W29: 1:0_2:0_3:0_4:0_5:0_6:0_7:0_8:0_9:0_10:0_11:0_12:0_13:0_14:0_15:0_16:0_17:0_18:0_19:0_20:0_21:0_22:0_23:0_24:0_25:0_26:0_27:0_28:0_29:0_30:0_31:0_32:0_33:0_34:0_35:0_36:0_37:0_38:0_39:0_40:0_41:0_42:0_43:0_44:0_45:0_46:0_47:0_48:0_49:0_50:0_51:0_52:0_53:0_54:0_55:0_56:0_57:0_58:0_59:0_60:0_61:0_62:0_63:0_64:0_65:0_66:0_67:0_68:0_69:0_70:0_71:0_72:0_73:0_74:0_75:0_76:0_77:0_78:0_79:0_80:0_81:0_82:0_83:0_84:0_85:0_86:0_87:0_88:0_89:0_90:0_91:0_92:0_93:0_94:0_95:0_96:0_97:0_98:0_99:0_100:0_101:0_102:0_103:0_104:0_105:0_106:0_107:0_108:0_109:0_110:0_111:0_112:0_113:0_114:0_115:0_116:0_117:0_118:0_119:0_120:0_121:0_122:0_123:0_124:0_125:0_126:0_127:0_128:0_129:0_130:0_131:0_132:0_133:0_134:0_135:0_136:0_137:0_138:0_139:0_140:0_141:0_142:0_143:0_144:0_145:0_146:0_147:0_148:0_149:0_150:0_151:0_152:0_153:0_154:0_155:0_156:0_157:0_158:0_159:0_160:0 | X29: 1:2_2:635_3:635_4:635_5:405_6:405_7:315_8:315_9:315_10:315_11:315_12:315_13:315_14:315_15:315_16:315_17:315_18:315_19:315_20:315_21:315_22:315_23:315_24:315_25:315_26:315_27:315_28:315_29:315_30:315_31:315_32:315_33:315_34:315_35:315_36:315_37:315_38:315_39:315_40:315_41:315_42:315_43:315_44:315_45:315_46:315_47:315_48:315_49:315_50:315_51:315_52:315_53:315_54:315_55:315_56:315_57:315_58:315_59:315_60:315_61:315_62:315_63:315_64:315_65:315_66:315_67:315_68:315_69:315_70:315_71:315_72:315_73:315_74:315_75:315_76:315_77:315_78:315_79:315_80:315_81:315_82:315_83:315_84:315_85:315_86:315_87:315_88:315_89:315_90:315_91:315_92:315_93:315_94:315_95:315_96:315_97:315_98:315_99:315_100:315_101:0_102:0_103:0_104:0_105:0_106:0_107:0_108:0_109:0_110:0_111:0_112:0_113:0_114:0_115:0_116:0_117:0_118:0_119:0_120:0_121:0_122:0_123:0_124:0_125:0_126:0_127:0_128:0_129:0_130:0_131:0_132:0_133:0_134:0_135:0_136:0_137:0_138:0_139:0_140:0_141:0_142:0_143:0_144:0_145:0_146:0_147:0_148:0_149:0_150:0_151:0_152:0_153:0_154:0_155:0_156:0_157:0_158:0_159:0_160:0 | Y29: 20010001 | Z29: 0 | AA29: 1 | AB29: 0:2500_50:5000_80:10000_125:15000_160:30000 | AC29: 10000 | AD29: 10000 | AE29: 25010001 | AF29: 40 | AG29: 0 | AH29: 0 | AI29: 0 | AJ29: 0
A30: 20401 | B30: 2 | C30: 卫兵 | D30: 雷霆魔头3 | E30: 未使用 | F30: 客户端资源组 | G30: 2 | H30: 2 | I30: 0:0 | J30: 0 | K30: 雷霆魔头 | L30: 800001021 | M30: 2 | N30: 100 | O30: 2 | P30: 30 | Q30: 0 | R30: 880 | S30: -3000 | T30: 1 | U30: 1200 | V30: 1:0_2:0_3:0_4:0_5:0_6:0_7:0_8:0_9:0_10:0_11:0_12:0_13:0_14:0_15:0_16:0_17:0_18:0_19:0_20:0_21:0_22:0_23:0_24:0_25:0_26:0_27:0_28:0_29:0_30:0_31:0_32:0_33:0_34:0_35:0_36:0_37:0_38:0_39:0_40:0_41:0_42:0_43:0_44:0_45:0_46:0_47:0_48:0_49:0_50:0_51:0_52:0_53:0_54:0_55:0_56:0_57:0_58:0_59:0_60:0_61:0_62:0_63:0_64:0_65:0_66:0_67:0_68:0_69:0_70:0_71:0_72:0_73:0_74:0_75:0_76:0_77:0_78:0_79:0_80:0_81:0_82:0_83:0_84:0_85:0_86:0_87:0_88:0_89:0_90:0_91:0_92:0_93:0_94:0_95:0_96:0_97:0_98:0_99:0_100:0_101:0_102:0_103:0_104:0_105:0_106:0_107:0_108:0_109:0_110:0_111:0_112:0_113:0_114:0_115:0_116:0_117:0_118:0_119:0_120:0_121:0_122:0_123:0_124:0_125:0_126:0_127:0_128:0_129:0_130:0_131:0_132:0_133:0_134:0_135:0_136:0_137:0_138:0_139:0_140:0_141:0_142:0_143:0_144:0_145:0_146:0_147:0_148:0_149:0_150:0_151:0_152:0_153:0_154:0_155:0_156:0_157:0_158:0_159:0_160:0 | W30: 1:0_2:0_3:0_4:0_5:0_6:0_7:0_8:0_9:0_10:0_11:0_12:0_13:0_14:0_15:0_16:0_17:0_18:0_19:0_20:0_21:0_22:0_23:0_24:0_25:0_26:0_27:0_28:0_29:0_30:0_31:0_32:0_33:0_34:0_35:0_36:0_37:0_38:0_39:0_40:0_41:0_42:0_43:0_44:0_45:0_46:0_47:0_48:0_49:0_50:0_51:0_52:0_53:0_54:0_55:0_56:0_57:0_58:0_59:0_60:0_61:0_62:0_63:0_64:0_65:0_66:0_67:0_68:0_69:0_70:0_71:0_72:0_73:0_74:0_75:0_76:0_77:0_78:0_79:0_80:0_81:0_82:0_83:0_84:0_85:0_86:0_87:0_88:0_89:0_90:0_91:0_92:0_93:0_94:0_95:0_96:0_97:0_98:0_99:0_100:0_101:0_102:0_103:0_104:0_105:0_106:0_107:0_108:0_109:0_110:0_111:0_112:0_113:0_114:0_115:0_116:0_117:0_118:0_119:0_120:0_121:0_122:0_123:0_124:0_125:0_126:0_127:0_128:0_129:0_130:0_131:0_132:0_133:0_134:0_135:0_136:0_137:0_138:0_139:0_140:0_141:0_142:0_143:0_144:0_145:0_146:0_147:0_148:0_149:0_150:0_151:0_152:0_153:0_154:0_155:0_156:0_157:0_158:0_159:0_160:0 | X30: 1:2_2:635_3:635_4:635_5:405_6:405_7:315_8:315_9:315_10:315_11:315_12:315_13:315_14:315_15:315_16:315_17:315_18:315_19:315_20:315_21:315_22:315_23:315_24:315_25:315_26:315_27:315_28:315_29:315_30:315_31:315_32:315_33:315_34:315_35:315_36:315_37:315_38:315_39:315_40:315_41:315_42:315_43:315_44:315_45:315_46:315_47:315_48:315_49:315_50:315_51:315_52:315_53:315_54:315_55:315_56:315_57:315_58:315_59:315_60:315_61:315_62:315_63:315_64:315_65:315_66:315_67:315_68:315_69:315_70:315_71:315_72:315_73:315_74:315_75:315_76:315_77:315_78:315_79:315_80:315_81:315_82:315_83:315_84:315_85:315_86:315_87:315_88:315_89:315_90:315_91:315_92:315_93:315_94:315_95:315_96:315_97:315_98:315_99:315_100:315_101:0_102:0_103:0_104:0_105:0_106:0_107:0_108:0_109:0_110:0_111:0_112:0_113:0_114:0_115:0_116:0_117:0_118:0_119:0_120:0_121:0_122:0_123:0_124:0_125:0_126:0_127:0_128:0_129:0_130:0_131:0_132:0_133:0_134:0_135:0_136:0_137:0_138:0_139:0_140:0_141:0_142:0_143:0_144:0_145:0_146:0_147:0_148:0_149:0_150:0_151:0_152:0_153:0_154:0_155:0_156:0_157:0_158:0_159:0_160:0 | Y30: 20010001 | Z30: 0 | AA30: 1 | AB30: 0:2500_50:5000_80:10000_125:15000_160:30000 | AC30: 10000 | AD30: 10000 | AE30: 25010001 | AF30: 40 | AG30: 0 | AH30: 0 | AI30: 0 | AJ30: 0
... A32: 20403 | B32: 2 | C32: 卫兵 | D32: 雷霆魔头3 | E32: 未使用 | F32: 客户端资源组 | G32: 2 | H32: 2 | I32: 0:0 | J32: 0 | K32: 雷霆魔头 | L32: 800001021 | M32: 2 | N32: 100 | O32: 2 | P32: 8 | Q32: 0 | R32: 25 | S32: -3000 | T32: 1 | U32: 0 | V32: 1:0_2:0_3:0_4:0_5:0_6:0_7:0_8:0_9:0_10:0_11:0_12:0_13:0_14:0_15:0_16:0_17:0_18:0_19:0_20:0_21:0_22:0_23:0_24:0_25:0_26:0_27:0_28:0_29:0_30:0_31:0_32:0_33:0_34:0_35:0_36:0_37:0_38:0_39:0_40:0_41:0_42:0_43:0_44:0_45:0_46:0_47:0_48:0_49:0_50:0_51:0_52:0_53:0_54:0_55:0_56:0_57:0_58:0_59:0_60:0_61:0_62:0_63:0_64:0_65:0_66:0_67:0_68:0_69:0_70:0_71:0_72:0_73:0_74:0_75:0_76:0_77:0_78:0_79:0_80:0_81:0_82:0_83:0_84:0_85:0_86:0_87:0_88:0_89:0_90:0_91:0_92:0_93:0_94:0_95:0_96:0_97:0_98:0_99:0_100:0_101:0_102:0_103:0_104:0_105:0_106:0_107:0_108:0_109:0_110:0_111:0_112:0_113:0_114:0_115:0_116:0_117:0_118:0_119:0_120:0_121:0_122:0_123:0_124:0_125:0_126:0_127:0_128:0_129:0_130:0_131:0_132:0_133:0_134:0_135:0_136:0_137:0_138:0_139:0_140:0_141:0_142:0_143:0_144:0_145:0_146:0_147:0_148:0_149:0_150:0_151:0_152:0_153:0_154:0_155:0_156:0_157:0_158:0_159:0_160:0 | W32: 1:0_2:0_3:0_4:0_5:0_6:0_7:0_8:0_9:0_10:0_11:0_12:0_13:0_14:0_15:0_16:0_17:0_18:0_19:0_20:0_21:0_22:0_23:0_24:0_25:0_26:0_27:0_28:0_29:0_30:0_31:0_32:0_33:0_34:0_35:0_36:0_37:0_38:0_39:0_40:0_41:0_42:0_43:0_44:0_45:0_46:0_47:0_48:0_49:0_50:0_51:0_52:0_53:0_54:0_55:0_56:0_57:0_58:0_59:0_60:0_61:0_62:0_63:0_64:0_65:0_66:0_67:0_68:0_69:0_70:0_71:0_72:0_73:0_74:0_75:0_76:0_77:0_78:0_79:0_80:0_81:0_82:0_83:0_84:0_85:0_86:0_87:0_88:0_89:0_90:0_91:0_92:0_93:0_94:0_95:0_96:0_97:0_98:0_99:0_100:0_101:0_102:0_103:0_104:0_105:0_106:0_107:0_108:0_109:0_110:0_111:0_112:0_113:0_114:0_115:0_116:0_117:0_118:0_119:0_120:0_121:0_122:0_123:0_124:0_125:0_126:0_127:0_128:0_129:0_130:0_131:0_132:0_133:0_134:0_135:0_136:0_137:0_138:0_139:0_140:0_141:0_142:0_143:0_144:0_145:0_146:0_147:0_148:0_149:0_150:0_151:0_152:0_153:0_154:0_155:0_156:0_157:0_158:0_159:0_160:0 | X32: 1:2_2:635_3:635_4:635_5:405_6:405_7:315_8:315_9:315_10:315_11:315_12:315_13:315_14:315_15:315_16:315_17:315_18:315_19:315_20:315_21:315_22:315_23:315_24:315_25:315_26:315_27:315_28:315_29:315_30:315_31:315_32:315_33:315_34:315_35:315_36:315_37:315_38:315_39:315_40:315_41:315_42:315_43:315_44:315_45:315_46:315_47:315_48:315_49:315_50:315_51:315_52:315_53:315_54:315_55:315_56:315_57:315_58:315_59:315_60:315_61:315_62:315_63:315_64:315_65:315_66:315_67:315_68:315_69:315_70:315_71:315_72:315_73:315_74:315_75:315_76:315_77:315_78:315_79:315_80:315_81:315_82:315_83:315_84:315_85:315_86:315_87:315_88:315_89:315_90:315_91:315_92:315_93:315_94:315_95:315_96:315_97:315_98:315_99:315_100:315_101:0_102:0_103:0_104:0_105:0_106:0_107:0_108:0_109:0_110:0_111:0_112:0_113:0_114:0_115:0_116:0_117:0_118:0_119:0_120:0_121:0_122:0_123:0_124:0_125:0_126:0_127:0_128:0_129:0_130:0_131:0_132:0_133:0_134:0_135:0_136:0_137:0_138:0_139:0_140:0_141:0_142:0_143:0_144:0_145:0_146:0_147:0_148:0_149:0_150:0_151:0_152:0_153:0_154:0_155:0_156:0_157:0_158:0_159:0_160:0 | Y32: 20010001 | Z32: 0 | AA32: 1 | AB32: 0:2500_50:5000_80:10000_125:15000_160:30000 | AC32: 10000 | AD32: 10000 | AE32: 0 | AF32: 40 | AG32: 0 | AH32: 0 | AI32: 0 | AJ32: 0
A33: 110201 | B33: 1 | C33: 守卫1 | D33: 雷霆魔头3 | E33: 未使用 | F33: 客户端资源组 | G33: 1 | H33: 2 | I33: 0:0 | J33: 0 | K33: 800001021 | L33: 800001021 | M33: 1 | N33: 120 | O33: 1 | P33: 8 | Q33: 0 | R33: 25 | S33: -3000 | T33: 1 | U33: 0 | V33: 1:0_2:0_3:0_4:0_5:0_6:0_7:0_8:0_9:0_10:0_11:0_12:0_13:0_14:0_15:0_16:0_17:0_18:0_19:0_20:0_21:0_22:0_23:0_24:0_25:0_26:0_27:0_28:0_29:0_30:0_31:0_32:0_33:0_34:0_35:0_36:0_37:0_38:0_39:0_40:0_41:0_42:0_43:0_44:0_45:0_46:0_47:0_48:0_49:0_50:0_51:0_52:0_53:0_54:0_55:0_56:0_57:0_58:0_59:0_60:0_61:0_62:0_63:0_64:0_65:0_66:0_67:0_68:0_69:0_70:0_71:0_72:0_73:0_74:0_75:0_76:0_77:0_78:0_79:0_80:0_81:0_82:0_83:0_84:0_85:0_86:0_87:0_88:0_89:0_90:0_91:0_92:0_93:0_94:0_95:0_96:0_97:0_98:0_99:0_100:0_101:0_102:0_103:0_104:0_105:0_106:0_107:0_108:0_109:0_110:0_111:0_112:0_113:0_114:0_115:0_116:0_117:0_118:0_119:0_120:0_121:0_122:0_123:0_124:0_125:0_126:0_127:0_128:0_129:0_130:0_131:0_132:0_133:0_134:0_135:0_136:0_137:0_138:0_139:0_140:0_141:0_142:0_143:0_144:0_145:0_146:0_147:0_148:0_149:0_150:0_151:0_152:0_153:0_154:0_155:0_156:0_157:0_158:0_159:0_160:0 | W33: 1:0_2:0_3:0_4:0_5:0_6:0_7:0_8:0_9:0_10:0_11:0_12:0_13:0_14:0_15:0_16:0_17:0_18:0_19:0_20:0_21:0_22:0_23:0_24:0_25:0_26:0_27:0_28:0_29:0_30:0_31:0_32:0_33:0_34:0_35:0_36:0_37:0_38:0_39:0_40:0_41:0_42:0_43:0_44:0_45:0_46:0_47:0_48:0_49:0_50:0_51:0_52:0_53:0_54:0_55:0_56:0_57:0_58:0_59:0_60:0_61:0_62:0_63:0_64:0_65:0_66:0_67:0_68:0_69:0_70:0_71:0_72:0_73:0_74:0_75:0_76:0_77:0_78:0_79:0_80:0_81:0_82:0_83:0_84:0_85:0_86:0_87:0_88:0_89:0_90:0_91:0_92:0_93:0_94:0_95:0_96:0_97:0_98:0_99:0_100:0_101:0_102:0_103:0_104:0_105:0_106:0_107:0_108:0_109:0_110:0_111:0_112:0_113:0_114:0_115:0_116:0_117:0_118:0_119:0_120:0_121:0_122:0_123:0_124:0_125:0_126:0_127:0_128:0_129:0_130:0_131:0_132:0_133:0_134:0_135:0_136:0_137:0_138:0_139:0_140:0_141:0_142:0_143:0_144:0_145:0_146:0_147:0_148:0_149:0_150:0_151:0_152:0_153:0_154:0_155:0_156:0_157:0_158:0_159:0_160:0 | X33: 1:0_2:0_3:0_4:0_5:0_6:0_7:0_8:0_9:0_10:0_11:0_12:0_13:0_14:0_15:0_16:0_17:0_18:0_19:0_20:0_21:0_22:0_23:0_24:0_25:0_26:0_27:0_28:0_29:0_30:0_31:0_32:0_33:0_34:0_35:0_36:0_37:0_38:0_39:0_40:0_41:0_42:0_43:0_44:0_45:0_46:0_47:0_48:0_49:0_50:0_51:0_52:0_53:0_54:0_55:0_56:0_57:0_58:0_59:0_60:0_61:0_62:0_63:0_64:0_65:0_66:0_67:0_68:0_69:0_70:0_71:0_72:0_73:0_74:0_75:0_76:0_77:0_78:0_79:0_80:0_81:0_82:0_83:0_84:0_85:0_86:0_87:0_88:0_89:0_90:0_91:0_92:0_93:0_94:0_95:0_96:0_97:0_98:0_99:0_100:0_101:0_102:0_103:0_104:0_105:0_106:0_107:0_108:0_109:0_110:0_111:0_112:0_113:0_114:0_115:0_116:0_117:0_118:0_119:0_120:0_121:0_122:0_123:0_124:0_125:0_126:0_127:0_128:0_129:0_130:0_131:0_132:0_133:0_134:0_135:0_136:0_137:0_138:0_139:0_140:0_141:0_142:0_143:0_144:0_145:0_146:0_147:0_148:0_149:0_150:0_151:0_152:0_153:0_154:0_155:0_156:0_157:0_158:0_159:0_160:0 | Y33: 20010001 | Z33: 0 | AA33: 1 | AB33: 0:2500_50:5000_80:10000_125:15000_160:30000 | AC33: 10000 | AD33: 10000 | AE33: 0 | AF33: 40 | AG33: 0 | AH33: 0 | AI33: 0 | AJ33: 0
A34: 110301 | B34: 1 | C34: 守卫2 | D34: 野猪怪 | E34: 未使用 | F34: 客户端资源组 | G34: 1 | H34: 2 | I34: 0:0 | J34: 0 | K34: 800001021 | L34: 800001021 | M34: 1 | N34: 310 | O34: 2 | P34: 8 | Q34: 0 | R34: 25 | S34: -3000 | T34: 1 | U34: 0 | V34: 1:0_2:0_3:0_4:0_5:0_6:0_7:0_8:0_9:0_10:0_11:0_12:0_13:0_14:0_15:0_16:0_17:0_18:0_19:0_20:0_21:0_22:0_23:0_24:0_25:0_26:0_27:0_28:0_29:0_30:0_31:0_32:0_33:0_34:0_35:0_36:0_37:0_38:0_39:0_40:0_41:0_42:0_43:0_44:0_45:0_46:0_47:0_48:0_49:0_50:0_51:0_52:0_53:0_54:0_55:0_56:0_57:0_58:0_59:0_60:0_61:0_62:0_63:0_64:0_65:0_66:0_67:0_68:0_69:0_70:0_71:0_72:0_73:0_74:0_75:0_76:0_77:0_78:0_79:0_80:0_81:0_82:0_83:0_84:0_85:0_86:0_87:0_88:0_89:0_90:0_91:0_92:0_93:0_94:0_95:0_96:0_97:0_98:0_99:0_100:0_101:0_102:0_103:0_104:0_105:0_106:0_107:0_108:0_109:0_110:0_111:0_112:0_113:0_114:0_115:0_116:0_117:0_118:0_119:0_120:0_121:0_122:0_123:0_124:0_125:0_126:0_127:0_128:0_129:0_130:0_131:0_132:0_133:0_134:0_135:0_136:0_137:0_138:0_139:0_140:0_141:0_142:0_143:0_144:0_145:0_146:0_147:0_148:0_149:0_150:0_151:0_152:0_153:0_154:0_155:0_156:0_157:0_158:0_159:0_160:0 | W34: 1:0_2:0_3:0_4:0_5:0_6:0_7:0_8:0_9:0_10:0_11:0_12:0_13:0_14:0_15:0_16:0_17:0_18:0_19:0_20:0_21:0_22:0_23:0_24:0_25:0_26:0_27:0_28:0_29:0_30:0_31:0_32:0_33:0_34:0_35:0_36:0_37:0_38:0_39:0_40:0_41:0_42:0_43:0_44:0_45:0_46:0_47:0_48:0_49:0_50:0_51:0_52:0_53:0_54:0_55:0_56:0_57:0_58:0_59:0_60:0_61:0_62:0_63:0_64:0_65:0_66:0_67:0_68:0_69:0_70:0_71:0_72:0_73:0_74:0_75:0_76:0_77:0_78:0_79:0_80:0_81:0_82:0_83:0_84:0_85:0_86:0_87:0_88:0_89:0_90:0_91:0_92:0_93:0_94:0_95:0_96:0_97:0_98:0_99:0_100:0_101:0_102:0_103:0_104:0_105:0_106:0_107:0_108:0_109:0_110:0_111:0_112:0_113:0_114:0_115:0_116:0_117:0_118:0_119:0_120:0_121:0_122:0_123:0_124:0_125:0_126:0_127:0_128:0_129:0_130:0_131:0_132:0_133:0_134:0_135:0_136:0_137:0_138:0_139:0_140:0_141:0_142:0_143:0_144:0_145:0_146:0_147:0_148:0_149:0_150:0_151:0_152:0_153:0_154:0_155:0_156:0_157:0_158:0_159:0_160:0 | X34: 1:0_2:0_3:0_4:0_5:0_6:0_7:0_8:0_9:0_10:0_11:0_12:0_13:0_14:0_15:0_16:0_17:0_18:0_19:0_20:0_21:0_22:0_23:0_24:0_25:0_26:0_27:0_28:0_29:0_30:0_31:0_32:0_33:0_34:0_35:0_36:0_37:0_38:0_39:0_40:0_41:0_42:0_43:0_44:0_45:0_46:0_47:0_48:0_49:0_50:0_51:0_52:0_53:0_54:0_55:0_56:0_57:0_58:0_59:0_60:0_61:0_62:0_63:0_64:0_65:0_66:0_67:0_68:0_69:0_70:0_71:0_72:0_73:0_74:0_75:0_76:0_77:0_78:0_79:0_80:0_81:0_82:0_83:0_84:0_85:0_86:0_87:0_88:0_89:0_90:0_91:0_92:0_93:0_94:0_95:0_96:0_97:0_98:0_99:0_100:0_101:0_102:0_103:0_104:0_105:0_106:0_107:0_108:0_109:0_110:0_111:0_112:0_113:0_114:0_115:0_116:0_117:0_118:0_119:0_120:0_121:0_122:0_123:0_124:0_125:0_126:0_127:0_128:0_129:0_130:0_131:0_132:0_133:0_134:0_135:0_136:0_137:0_138:0_139:0_140:0_141:0_142:0_143:0_144:0_145:0_146:0_147:0_148:0_149:0_150:0_151:0_152:0_153:0_154:0_155:0_156:0_157:0_158:0_159:0_160:0 | Y34: 20010001 | Z34: 0 | AA34: 1 | AB34: 0:2500_50:5000_80:10000_125:15000_160:30000 | AC34: 10000 | AD34: 10000 | AE34: 0 | AF34: 40 | AG34: 0 | AH34: 0 | AI34: 0 | AJ34: 0
A35: 110302 | B35: 1 | C35: 守卫3 | D35: 喷火恶龙2 | E35: 未使用 | F35: 客户端资源组 | G35: 1 | H35: 2 | I35: 0:0 | J35: 0 | K35: 800001021 | L35: 800001021 | M35: 1 | N35: 700 | O35: 2 | P35: 8 | Q35: 0 | R35: 25 | S35: -3000 | T35: 1 | U35: 0 | V35: 1:0_2:0_3:0_4:0_5:0_6:0_7:0_8:0_9:0_10:0_11:0_12:0_13:0_14:0_15:0_16:0_17:0_18:0_19:0_20:0_21:0_22:0_23:0_24:0_25:0_26:0_27:0_28:0_29:0_30:0_31:0_32:0_33:0_34:0_35:0_36:0_37:0_38:0_39:0_40:0_41:0_42:0_43:0_44:0_45:0_46:0_47:0_48:0_49:0_50:0_51:0_52:0_53:0_54:0_55:0_56:0_57:0_58:0_59:0_60:0_61:0_62:0_63:0_64:0_65:0_66:0_67:0_68:0_69:0_70:0_71:0_72:0_73:0_74:0_75:0_76:0_77:0_78:0_79:0_80:0_81:0_82:0_83:0_84:0_85:0_86:0_87:0_88:0_89:0_90:0_91:0_92:0_93:0_94:0_95:0_96:0_97:0_98:0_99:0_100:0_101:0_102:0_103:0_104:0_105:0_106:0_107:0_108:0_109:0_110:0_111:0_112:0_113:0_114:0_115:0_116:0_117:0_118:0_119:0_120:0_121:0_122:0_123:0_124:0_125:0_126:0_127:0_128:0_129:0_130:0_131:0_132:0_133:0_134:0_135:0_136:0_137:0_138:0_139:0_140:0_141:0_142:0_143:0_144:0_145:0_146:0_147:0_148:0_149:0_150:0_151:0_152:0_153:0_154:0_155:0_156:0_157:0_158:0_159:0_160:0 | W35: 1:0_2:0_3:0_4:0_5:0_6:0_7:0_8:0_9:0_10:0_11:0_12:0_13:0_14:0_15:0_16:0_17:0_18:0_19:0_20:0_21:0_22:0_23:0_24:0_25:0_26:0_27:0_28:0_29:0_30:0_31:0_32:0_33:0_34:0_35:0_36:0_37:0_38:0_39:0_40:0_41:0_42:0_43:0_44:0_45:0_46:0_47:0_48:0_49:0_50:0_51:0_52:0_53:0_54:0_55:0_56:0_57:0_58:0_59:0_60:0_61:0_62:0_63:0_64:0_65:0_66:0_67:0_68:0_69:0_70:0_71:0_72:0_73:0_74:0_75:0_76:0_77:0_78:0_79:0_80:0_81:0_82:0_83:0_84:0_85:0_86:0_87:0_88:0_89:0_90:0_91:0_92:0_93:0_94:0_95:0_96:0_97:0_98:0_99:0_100:0_101:0_102:0_103:0_104:0_105:0_106:0_107:0_108:0_109:0_110:0_111:0_112:0_113:0_114:0_115:0_116:0_117:0_118:0_119:0_120:0_121:0_122:0_123:0_124:0_125:0_126:0_127:0_128:0_129:0_130:0_131:0_132:0_133:0_134:0_135:0_136:0_137:0_138:0_139:0_140:0_141:0_142:0_143:0_144:0_145:0_146:0_147:0_148:0_149:0_150:0_151:0_152:0_153:0_154:0_155:0_156:0_157:0_158:0_159:0_160:0 | X35: 1:0_2:0_3:0_4:0_5:0_6:0_7:0_8:0_9:0_10:0_11:0_12:0_13:0_14:0_15:0_16:0_17:0_18:0_19:0_20:0_21:0_22:0_23:0_24:0_25:0_26:0_27:0_28:0_29:0_30:0_31:0_32:0_33:0_34:0_35:0_36:0_37:0_38:0_39:0_40:0_41:0_42:0_43:0_44:0_45:0_46:0_47:0_48:0_49:0_50:0_51:0_52:0_53:0_54:0_55:0_56:0_57:0_58:0_59:0_60:0_61:0_62:0_63:0_64:0_65:0_66:0_67:0_68:0_69:0_70:0_71:0_72:0_73:0_74:0_75:0_76:0_77:0_78:0_79:0_80:0_81:0_82:0_83:0_84:0_85:0_86:0_87:0_88:0_89:0_90:0_91:0_92:0_93:0_94:0_95:0_96:0_97:0_98:0_99:0_100:0_101:0_102:0_103:0_104:0_105:0_106:0_107:0_108:0_109:0_110:0_111:0_112:0_113:0_114:0_115:0_116:0_117:0_118:0_119:0_120:0_121:0_122:0_123:0_124:0_125:0_126:0_127:0_128:0_129:0_130:0_131:0_132:0_133:0_134:0_135:0_136:0_137:0_138:0_139:0_140:0_141:0_142:0_143:0_144:0_145:0_146:0_147:0_148:0_149:0_150:0_151:0_152:0_153:0_154:0_155:0_156:0_157:0_158:0_159:0_160:0 | Y35: 20010001 | Z35: 0 | AA35: 1 | AB35: 0:2500_50:5000_80:10000_125:15000_160:30000 | AC35: 10000 | AD35: 10000 | AE35: 0 | AF35: 40 | AG35: 0 | AH35: 0 | AI35: 0 | AJ35: 0
A36: 110303 | B36: 1 | C36: 守卫4 | D36: 爆裂悍匪2 | E36: 未使用 | F36: 客户端资源组 | G36: 1 | H36: 2 | I36: 0:0 | J36: 0 | K36: 800001021 | L36: 800001021 | M36: 1 | N36: 2150 | O36: 2 | P36: 8 | Q36: 0 | R36: 25 | S36: -3000 | T36: 1 | U36: 0 | V36: 1:0_2:0_3:0_4:0_5:0_6:0_7:0_8:0_9:0_10:0_11:0_12:0_13:0_14:0_15:0_16:0_17:0_18:0_19:0_20:0_21:0_22:0_23:0_24:0_25:0_26:0_27:0_28:0_29:0_30:0_31:0_32:0_33:0_34:0_35:0_36:0_37:0_38:0_39:0_40:0_41:0_42:0_43:0_44:0_45:0_46:0_47:0_48:0_49:0_50:0_51:0_52:0_53:0_54:0_55:0_56:0_57:0_58:0_59:0_60:0_61:0_62:0_63:0_64:0_65:0_66:0_67:0_68:0_69:0_70:0_71:0_72:0_73:0_74:0_75:0_76:0_77:0_78:0_79:0_80:0_81:0_82:0_83:0_84:0_85:0_86:0_87:0_88:0_89:0_90:0_91:0_92:0_93:0_94:0_95:0_96:0_97:0_98:0_99:0_100:0_101:0_102:0_103:0_104:0_105:0_106:0_107:0_108:0_109:0_110:0_111:0_112:0_113:0_114:0_115:0_116:0_117:0_118:0_119:0_120:0_121:0_122:0_123:0_124:0_125:0_126:0_127:0_128:0_129:0_130:0_131:0_132:0_133:0_134:0_135:0_136:0_137:0_138:0_139:0_140:0_141:0_142:0_143:0_144:0_145:0_146:0_147:0_148:0_149:0_150:0_151:0_152:0_153:0_154:0_155:0_156:0_157:0_158:0_159:0_160:0 | W36: 1:0_2:0_3:0_4:0_5:0_6:0_7:0_8:0_9:0_10:0_11:0_12:0_13:0_14:0_15:0_16:0_17:0_18:0_19:0_20:0_21:0_22:0_23:0_24:0_25:0_26:0_27:0_28:0_29:0_30:0_31:0_32:0_33:0_34:0_35:0_36:0_37:0_38:0_39:0_40:0_41:0_42:0_43:0_44:0_45:0_46:0_47:0_48:0_49:0_50:0_51:0_52:0_53:0_54:0_55:0_56:0_57:0_58:0_59:0_60:0_61:0_62:0_63:0_64:0_65:0_66:0_67:0_68:0_69:0_70:0_71:0_72:0_73:0_74:0_75:0_76:0_77:0_78:0_79:0_80:0_81:0_82:0_83:0_84:0_85:0_86:0_87:0_88:0_89:0_90:0_91:0_92:0_93:0_94:0_95:0_96:0_97:0_98:0_99:0_100:0_101:0_102:0_103:0_104:0_105:0_106:0_107:0_108:0_109:0_110:0_111:0_112:0_113:0_114:0_115:0_116:0_117:0_118:0_119:0_120:0_121:0_122:0_123:0_124:0_125:0_126:0_127:0_128:0_129:0_130:0_131:0_132:0_133:0_134:0_135:0_136:0_137:0_138:0_139:0_140:0_141:0_142:0_143:0_144:0_145:0_146:0_147:0_148:0_149:0_150:0_151:0_152:0_153:0_154:0_155:0_156:0_157:0_158:0_159:0_160:0 | X36: 1:0_2:0_3:0_4:0_5:0_6:0_7:0_8:0_9:0_10:0_11:0_12:0_13:0_14:0_15:0_16:0_17:0_18:0_19:0_20:0_21:0_22:0_23:0_24:0_25:0_26:0_27:0_28:0_29:0_30:0_31:0_32:0_33:0_34:0_35:0_36:0_37:0_38:0_39:0_40:0_41:0_42:0_43:0_44:0_45:0_46:0_47:0_48:0_49:0_50:0_51:0_52:0_53:0_54:0_55:0_56:0_57:0_58:0_59:0_60:0_61:0_62:0_63:0_64:0_65:0_66:0_67:0_68:0_69:0_70:0_71:0_72:0_73:0_74:0_75:0_76:0_77:0_78:0_79:0_80:0_81:0_82:0_83:0_84:0_85:0_86:0_87:0_88:0_89:0_90:0_91:0_92:0_93:0_94:0_95:0_96:0_97:0_98:0_99:0_100:0_101:0_102:0_103:0_104:0_105:0_106:0_107:0_108:0_109:0_110:0_111:0_112:0_113:0_114:0_115:0_116:0_117:0_118:0_119:0_120:0_121:0_122:0_123:0_124:0_125:0_126:0_127:0_128:0_129:0_130:0_131:0_132:0_133:0_134:0_135:0_136:0_137:0_138:0_139:0_140:0_141:0_142:0_143:0_144:0_145:0_146:0_147:0_148:0_149:0_150:0_151:0_152:0_153:0_154:0_155:0_156:0_157:0_158:0_159:0_160:0 | Y36: 20010001 | Z36: 0 | AA36: 1 | AB36: 0:2500_50:5000_80:10000_125:15000_160:30000 | AC36: 10000 | AD36: 10000 | AE36: 0 | AF36: 40 | AG36: 0 | AH36: 0 | AI36: 0 | AJ36: 0
A37: 110304 | B37: 1 | C37: 守卫5 | D37: 斯巴达勇士2 | E37: 未使用 | F37: 客户端资源组 | G37: 1 | H37: 2 | I37: 0:0 | J37: 0 | K37: 800001021 | L37: 800001021 | M37: 1 | N37: 6000 | O37: 2 | P37: 8 | Q37: 0 | R37: 25 | S37: -3000 | T37: 1 | U37: 0 | V37: 1:0_2:0_3:0_4:0_5:0_6:0_7:0_8:0_9:0_10:0_11:0_12:0_13:0_14:0_15:0_16:0_17:0_18:0_19:0_20:0_21:0_22:0_23:0_24:0_25:0_26:0_27:0_28:0_29:0_30:0_31:0_32:0_33:0_34:0_35:0_36:0_37:0_38:0_39:0_40:0_41:0_42:0_43:0_44:0_45:0_46:0_47:0_48:0_49:0_50:0_51:0_52:0_53:0_54:0_55:0_56:0_57:0_58:0_59:0_60:0_61:0_62:0_63:0_64:0_65:0_66:0_67:0_68:0_69:0_70:0_71:0_72:0_73:0_74:0_75:0_76:0_77:0_78:0_79:0_80:0_81:0_82:0_83:0_84:0_85:0_86:0_87:0_88:0_89:0_90:0_91:0_92:0_93:0_94:0_95:0_96:0_97:0_98:0_99:0_100:0_101:0_102:0_103:0_104:0_105:0_106:0_107:0_108:0_109:0_110:0_111:0_112:0_113:0_114:0_115:0_116:0_117:0_118:0_119:0_120:0_121:0_122:0_123:0_124:0_125:0_126:0_127:0_128:0_129:0_130:0_131:0_132:0_133:0_134:0_135:0_136:0_137:0_138:0_139:0_140:0_141:0_142:0_143:0_144:0_145:0_146:0_147:0_148:0_149:0_150:0_151:0_152:0_153:0_154:0_155:0_156:0_157:0_158:0_159:0_160:0 | W37: 1:0_2:0_3:0_4:0_5:0_6:0_7:0_8:0_9:0_10:0_11:0_12:0_13:0_14:0_15:0_16:0_17:0_18:0_19:0_20:0_21:0_22:0_23:0_24:0_25:0_26:0_27:0_28:0_29:0_30:0_31:0_32:0_33:0_34:0_35:0_36:0_37:0_38:0_39:0_40:0_41:0_42:0_43:0_44:0_45:0_46:0_47:0_48:0_49:0_50:0_51:0_52:0_53:0_54:0_55:0_56:0_57:0_58:0_59:0_60:0_61:0_62:0_63:0_64:0_65:0_66:0_67:0_68:0_69:0_70:0_71:0_72:0_73:0_74:0_75:0_76:0_77:0_78:0_79:0_80:0_81:0_82:0_83:0_84:0_85:0_86:0_87:0_88:0_89:0_90:0_91:0_92:0_93:0_94:0_95:0_96:0_97:0_98:0_99:0_100:0_101:0_102:0_103:0_104:0_105:0_106:0_107:0_108:0_109:0_110:0_111:0_112:0_113:0_114:0_115:0_116:0_117:0_118:0_119:0_120:0_121:0_122:0_123:0_124:0_125:0_126:0_127:0_128:0_129:0_130:0_131:0_132:0_133:0_134:0_135:0_136:0_137:0_138:0_139:0_140:0_141:0_142:0_143:0_144:0_145:0_146:0_147:0_148:0_149:0_150:0_151:0_152:0_153:0_154:0_155:0_156:0_157:0_158:0_159:0_160:0 | X37: 1:0_2:0_3:0_4:0_5:0_6:0_7:0_8:0_9:0_10:0_11:0_12:0_13:0_14:0_15:0_16:0_17:0_18:0_19:0_20:0_21:0_22:0_23:0_24:0_25:0_26:0_27:0_28:0_29:0_30:0_31:0_32:0_33:0_34:0_35:0_36:0_37:0_38:0_39:0_40:0_41:0_42:0_43:0_44:0_45:0_46:0_47:0_48:0_49:0_50:0_51:0_52:0_53:0_54:0_55:0_56:0_57:0_58:0_59:0_60:0_61:0_62:0_63:0_64:0_65:0_66:0_67:0_68:0_69:0_70:0_71:0_72:0_73:0_74:0_75:0_76:0_77:0_78:0_79:0_80:0_81:0_82:0_83:0_84:0_85:0_86:0_87:0_88:0_89:0_90:0_91:0_92:0_93:0_94:0_95:0_96:0_97:0_98:0_99:0_100:0_101:0_102:0_103:0_104:0_105:0_106:0_107:0_108:0_109:0_110:0_111:0_112:0_113:0_114:0_115:0_116:0_117:0_118:0_119:0_120:0_121:0_122:0_123:0_124:0_125:0_126:0_127:0_128:0_129:0_130:0_131:0_132:0_133:0_134:0_135:0_136:0_137:0_138:0_139:0_140:0_141:0_142:0_143:0_144:0_145:0_146:0_147:0_148:0_149:0_150:0_151:0_152:0_153:0_154:0_155:0_156:0_157:0_158:0_159:0_160:0 | Y37: 20010001 | Z37: 0 | AA37: 1 | AB37: 0:2500_50:5000_80:10000_125:15000_160:30000 | AC37: 10000 | AD37: 10000 | AE37: 0 | AF37: 40 | AG37: 0 | AH37: 0 | AI37: 0 | AJ37: 0
A38: 110305 | B38: 1 | C38: 守卫6 | D38: 毒气猛士3 | E38: 未使用 | F38: 客户端资源组 | G38: 1 | H38: 2 | I38: 0:0 | J38: 0 | K38: 800001021 | L38: 800001021 | M38: 1 | N38: 13200 | O38: 2 | P38: 8 | Q38: 0 | R38: 25 | S38: -3000 | T38: 1 | U38: 0 | V38: 1:0_2:0_3:0_4:0_5:0_6:0_7:0_8:0_9:0_10:0_11:0_12:0_13:0_14:0_15:0_16:0_17:0_18:0_19:0_20:0_21:0_22:0_23:0_24:0_25:0_26:0_27:0_28:0_29:0_30:0_31:0_32:0_33:0_34:0_35:0_36:0_37:0_38:0_39:0_40:0_41:0_42:0_43:0_44:0_45:0_46:0_47:0_48:0_49:0_50:0_51:0_52:0_53:0_54:0_55:0_56:0_57:0_58:0_59:0_60:0_61:0_62:0_63:0_64:0_65:0_66:0_67:0_68:0_69:0_70:0_71:0_72:0_73:0_74:0_75:0_76:0_77:0_78:0_79:0_80:0_81:0_82:0_83:0_84:0_85:0_86:0_87:0_88:0_89:0_90:0_91:0_92:0_93:0_94:0_95:0_96:0_97:0_98:0_99:0_100:0_101:0_102:0_103:0_104:0_105:0_106:0_107:0_108:0_109:0_110:0_111:0_112:0_113:0_114:0_115:0_116:0_117:0_118:0_119:0_120:0_121:0_122:0_123:0_124:0_125:0_126:0_127:0_128:0_129:0_130:0_131:0_132:0_133:0_134:0_135:0_136:0_137:0_138:0_139:0_140:0_141:0_142:0_143:0_144:0_145:0_146:0_147:0_148:0_149:0_150:0_151:0_152:0_153:0_154:0_155:0_156:0_157:0_158:0_159:0_160:0 | W38: 1:0_2:0_3:0_4:0_5:0_6:0_7:0_8:0_9:0_10:0_11:0_12:0_13:0_14:0_15:0_16:0_17:0_18:0_19:0_20:0_21:0_22:0_23:0_24:0_25:0_26:0_27:0_28:0_29:0_30:0_31:0_32:0_33:0_34:0_35:0_36:0_37:0_38:0_39:0_40:0_41:0_42:0_43:0_44:0_45:0_46:0_47:0_48:0_49:0_50:0_51:0_52:0_53:0_54:0_55:0_56:0_57:0_58:0_59:0_60:0_61:0_62:0_63:0_64:0_65:0_66:0_67:0_68:0_69:0_70:0_71:0_72:0_73:0_74:0_75:0_76:0_77:0_78:0_79:0_80:0_81:0_82:0_83:0_84:0_85:0_86:0_87:0_88:0_89:0_90:0_91:0_92:0_93:0_94:0_95:0_96:0_97:0_98:0_99:0_100:0_101:0_102:0_103:0_104:0_105:0_106:0_107:0_108:0_109:0_110:0_111:0_112:0_113:0_114:0_115:0_116:0_117:0_118:0_119:0_120:0_121:0_122:0_123:0_124:0_125:0_126:0_127:0_128:0_129:0_130:0_131:0_132:0_133:0_134:0_135:0_136:0_137:0_138:0_139:0_140:0_141:0_142:0_143:0_144:0_145:0_146:0_147:0_148:0_149:0_150:0_151:0_152:0_153:0_154:0_155:0_156:0_157:0_158:0_159:0_160:0 | X38: 1:0_2:0_3:0_4:0_5:0_6:0_7:0_8:0_9:0_10:0_11:0_12:0_13:0_14:0_15:0_16:0_17:0_18:0_19:0_20:0_21:0_22:0_23:0_24:0_25:0_26:0_27:0_28:0_29:0_30:0_31:0_32:0_33:0_34:0_35:0_36:0_37:0_38:0_39:0_40:0_41:0_42:0_43:0_44:0_45:0_46:0_47:0_48:0_49:0_50:0_51:0_52:0_53:0_54:0_55:0_56:0_57:0_58:0_59:0_60:0_61:0_62:0_63:0_64:0_65:0_66:0_67:0_68:0_69:0_70:0_71:0_72:0_73:0_74:0_75:0_76:0_77:0_78:0_79:0_80:0_81:0_82:0_83:0_84:0_85:0_86:0_87:0_88:0_89:0_90:0_91:0_92:0_93:0_94:0_95:0_96:0_97:0_98:0_99:0_100:0_101:0_102:0_103:0_104:0_105:0_106:0_107:0_108:0_109:0_110:0_111:0_112:0_113:0_114:0_115:0_116:0_117:0_118:0_119:0_120:0_121:0_122:0_123:0_124:0_125:0_126:0_127:0_128:0_129:0_130:0_131:0_132:0_133:0_134:0_135:0_136:0_137:0_138:0_139:0_140:0_141:0_142:0_143:0_144:0_145:0_146:0_147:0_148:0_149:0_150:0_151:0_152:0_153:0_154:0_155:0_156:0_157:0_158:0_159:0_160:0 | Y38: 20010001 | Z38: 0 | AA38: 1 | AB38: 0:2500_50:5000_80:10000_125:15000_160:30000 | AC38: 10000 | AD38: 10000 | AE38: 0 | AF38: 40 | AG38: 0 | AH38: 0 | AI38: 0 | AJ38: 0
A39: 110306 | B39: 1 | C39: 守卫7 | D39: 拳头怪3 | E39: 未使用 | F39: 客户端资源组 | G39: 1 | H39: 2 | I39: 0:0 | J39: 0 | K39: 800001021 | L39: 800001021 | M39: 1 | N39: 34700 | O39: 2 | P39: 8 | Q39: 0 | R39: 25 | S39: -3000 | T39: 1 | U39: 0 | V39: 1:0_2:0_3:0_4:0_5:0_6:0_7:0_8:0_9:0_10:0_11:0_12:0_13:0_14:0_15:0_16:0_17:0_18:0_19:0_20:0_21:0_22:0_23:0_24:0_25:0_26:0_27:0_28:0_29:0_30:0_31:0_32:0_33:0_34:0_35:0_36:0_37:0_38:0_39:0_40:0_41:0_42:0_43:0_44:0_45:0_46:0_47:0_48:0_49:0_50:0_51:0_52:0_53:0_54:0_55:0_56:0_57:0_58:0_59:0_60:0_61:0_62:0_63:0_64:0_65:0_66:0_67:0_68:0_69:0_70:0_71:0_72:0_73:0_74:0_75:0_76:0_77:0_78:0_79:0_80:0_81:0_82:0_83:0_84:0_85:0_86:0_87:0_88:0_89:0_90:0_91:0_92:0_93:0_94:0_95:0_96:0_97:0_98:0_99:0_100:0_101:0_102:0_103:0_104:0_105:0_106:0_107:0_108:0_109:0_110:0_111:0_112:0_113:0_114:0_115:0_116:0_117:0_118:0_119:0_120:0_121:0_122:0_123:0_124:0_125:0_126:0_127:0_128:0_129:0_130:0_131:0_132:0_133:0_134:0_135:0_136:0_137:0_138:0_139:0_140:0_141:0_142:0_143:0_144:0_145:0_146:0_147:0_148:0_149:0_150:0_151:0_152:0_153:0_154:0_155:0_156:0_157:0_158:0_159:0_160:0 | W39: 1:0_2:0_3:0_4:0_5:0_6:0_7:0_8:0_9:0_10:0_11:0_12:0_13:0_14:0_15:0_16:0_17:0_18:0_19:0_20:0_21:0_22:0_23:0_24:0_25:0_26:0_27:0_28:0_29:0_30:0_31:0_32:0_33:0_34:0_35:0_36:0_37:0_38:0_39:0_40:0_41:0_42:0_43:0_44:0_45:0_46:0_47:0_48:0_49:0_50:0_51:0_52:0_53:0_54:0_55:0_56:0_57:0_58:0_59:0_60:0_61:0_62:0_63:0_64:0_65:0_66:0_67:0_68:0_69:0_70:0_71:0_72:0_73:0_74:0_75:0_76:0_77:0_78:0_79:0_80:0_81:0_82:0_83:0_84:0_85:0_86:0_87:0_88:0_89:0_90:0_91:0_92:0_93:0_94:0_95:0_96:0_97:0_98:0_99:0_100:0_101:0_102:0_103:0_104:0_105:0_106:0_107:0_108:0_109:0_110:0_111:0_112:0_113:0_114:0_115:0_116:0_117:0_118:0_119:0_120:0_121:0_122:0_123:0_124:0_125:0_126:0_127:0_128:0_129:0_130:0_131:0_132:0_133:0_134:0_135:0_136:0_137:0_138:0_139:0_140:0_141:0_142:0_143:0_144:0_145:0_146:0_147:0_148:0_149:0_150:0_151:0_152:0_153:0_154:0_155:0_156:0_157:0_158:0_159:0_160:0 | X39: 1:0_2:0_3:0_4:0_5:0_6:0_7:0_8:0_9:0_10:0_11:0_12:0_13:0_14:0_15:0_16:0_17:0_18:0_19:0_20:0_21:0_22:0_23:0_24:0_25:0_26:0_27:0_28:0_29:0_30:0_31:0_32:0_33:0_34:0_35:0_36:0_37:0_38:0_39:0_40:0_41:0_42:0_43:0_44:0_45:0_46:0_47:0_48:0_49:0_50:0_51:0_52:0_53:0_54:0_55:0_56:0_57:0_58:0_59:0_60:0_61:0_62:0_63:0_64:0_65:0_66:0_67:0_68:0_69:0_70:0_71:0_72:0_73:0_74:0_75:0_76:0_77:0_78:0_79:0_80:0_81:0_82:0_83:0_84:0_85:0_86:0_87:0_88:0_89:0_90:0_91:0_92:0_93:0_94:0_95:0_96:0_97:0_98:0_99:0_100:0_101:0_102:0_103:0_104:0_105:0_106:0_107:0_108:0_109:0_110:0_111:0_112:0_113:0_114:0_115:0_116:0_117:0_118:0_119:0_120:0_121:0_122:0_123:0_124:0_125:0_126:0_127:0_128:0_129:0_130:0_131:0_132:0_133:0_134:0_135:0_136:0_137:0_138:0_139:0_140:0_141:0_142:0_143:0_144:0_145:0_146:0_147:0_148:0_149:0_150:0_151:0_152:0_153:0_154:0_155:0_156:0_157:0_158:0_159:0_160:0 | Y39: 20010001 | Z39: 0 | AA39: 1 | AB39: 0:2500_50:5000_80:10000_125:15000_160:30000 | AC39: 10000 | AD39: 10000 | AE39: 0 | AF39: 40 | AG39: 0 | AH39: 0 | AI39: 0 | AJ39: 0
A40: 110307 | B40: 1 | C40: 守卫8 | D40: 第1关守卫 | E40: 未使用 | F40: 客户端资源组 | G40: 1 | H40: 2 | I40: 0:0 | J40: 0 | K40: 800001021 | L40: 800001021 | M40: 1 | N40: 76500 | O40: 2 | P40: 8 | Q40: 0 | R40: 25 | S40: -3000 | T40: 1 | U40: 0 | V40: 1:0_2:0_3:0_4:0_5:0_6:0_7:0_8:0_9:0_10:0_11:0_12:0_13:0_14:0_15:0_16:0_17:0_18:0_19:0_20:0_21:0_22:0_23:0_24:0_25:0_26:0_27:0_28:0_29:0_30:0_31:0_32:0_33:0_34:0_35:0_36:0_37:0_38:0_39:0_40:0_41:0_42:0_43:0_44:0_45:0_46:0_47:0_48:0_49:0_50:0_51:0_52:0_53:0_54:0_55:0_56:0_57:0_58:0_59:0_60:0_61:0_62:0_63:0_64:0_65:0_66:0_67:0_68:0_69:0_70:0_71:0_72:0_73:0_74:0_75:0_76:0_77:0_78:0_79:0_80:0_81:0_82:0_83:0_84:0_85:0_86:0_87:0_88:0_89:0_90:0_91:0_92:0_93:0_94:0_95:0_96:0_97:0_98:0_99:0_100:0_101:0_102:0_103:0_104:0_105:0_106:0_107:0_108:0_109:0_110:0_111:0_112:0_113:0_114:0_115:0_116:0_117:0_118:0_119:0_120:0_121:0_122:0_123:0_124:0_125:0_126:0_127:0_128:0_129:0_130:0_131:0_132:0_133:0_134:0_135:0_136:0_137:0_138:0_139:0_140:0_141:0_142:0_143:0_144:0_145:0_146:0_147:0_148:0_149:0_150:0_151:0_152:0_153:0_154:0_155:0_156:0_157:0_158:0_159:0_160:0 | W40: 1:0_2:0_3:0_4:0_5:0_6:0_7:0_8:0_9:0_10:0_11:0_12:0_13:0_14:0_15:0_16:0_17:0_18:0_19:0_20:0_21:0_22:0_23:0_24:0_25:0_26:0_27:0_28:0_29:0_30:0_31:0_32:0_33:0_34:0_35:0_36:0_37:0_38:0_39:0_40:0_41:0_42:0_43:0_44:0_45:0_46:0_47:0_48:0_49:0_50:0_51:0_52:0_53:0_54:0_55:0_56:0_57:0_58:0_59:0_60:0_61:0_62:0_63:0_64:0_65:0_66:0_67:0_68:0_69:0_70:0_71:0_72:0_73:0_74:0_75:0_76:0_77:0_78:0_79:0_80:0_81:0_82:0_83:0_84:0_85:0_86:0_87:0_88:0_89:0_90:0_91:0_92:0_93:0_94:0_95:0_96:0_97:0_98:0_99:0_100:0_101:0_102:0_103:0_104:0_105:0_106:0_107:0_108:0_109:0_110:0_111:0_112:0_113:0_114:0_115:0_116:0_117:0_118:0_119:0_120:0_121:0_122:0_123:0_124:0_125:0_126:0_127:0_128:0_129:0_130:0_131:0_132:0_133:0_134:0_135:0_136:0_137:0_138:0_139:0_140:0_141:0_142:0_143:0_144:0_145:0_146:0_147:0_148:0_149:0_150:0_151:0_152:0_153:0_154:0_155:0_156:0_157:0_158:0_159:0_160:0 | X40: 1:0_2:0_3:0_4:0_5:0_6:0_7:0_8:0_9:0_10:0_11:0_12:0_13:0_14:0_15:0_16:0_17:0_18:0_19:0_20:0_21:0_22:0_23:0_24:0_25:0_26:0_27:0_28:0_29:0_30:0_31:0_32:0_33:0_34:0_35:0_36:0_37:0_38:0_39:0_40:0_41:0_42:0_43:0_44:0_45:0_46:0_47:0_48:0_49:0_50:0_51:0_52:0_53:0_54:0_55:0_56:0_57:0_58:0_59:0_60:0_61:0_62:0_63:0_64:0_65:0_66:0_67:0_68:0_69:0_70:0_71:0_72:0_73:0_74:0_75:0_76:0_77:0_78:0_79:0_80:0_81:0_82:0_83:0_84:0_85:0_86:0_87:0_88:0_89:0_90:0_91:0_92:0_93:0_94:0_95:0_96:0_97:0_98:0_99:0_100:0_101:0_102:0_103:0_104:0_105:0_106:0_107:0_108:0_109:0_110:0_111:0_112:0_113:0_114:0_115:0_116:0_117:0_118:0_119:0_120:0_121:0_122:0_123:0_124:0_125:0_126:0_127:0_128:0_129:0_130:0_131:0_132:0_133:0_134:0_135:0_136:0_137:0_138:0_139:0_140:0_141:0_142:0_143:0_144:0_145:0_146:0_147:0_148:0_149:0_150:0_151:0_152:0_153:0_154:0_155:0_156:0_157:0_158:0_159:0_160:0 | Y40: 20010001 | Z40: 0 | AA40: 1 | AB40: 0:2500_50:5000_80:10000_125:15000_160:30000 | AC40: 10000 | AD40: 10000 | AE40: 0 | AF40: 40 | AG40: 0 | AH40: 0 | AI40: 0 | AJ40: 0
A41: 110308 | B41: 1 | C41: 守卫？1 | D41: 第1关守卫 | E41: 未使用 | F41: 客户端资源组 | G41: 1 | H41: 2 | I41: 0:0 | J41: 0 | K41: 800001021 | L41: 800001021 | M41: 1 | N41: 172000 | O41: 2 | P41: 8 | Q41: 0 | R41: 25 | S41: -3000 | T41: 1 | U41: 0 | V41: 1:0_2:0_3:0_4:0_5:0_6:0_7:0_8:0_9:0_10:0_11:0_12:0_13:0_14:0_15:0_16:0_17:0_18:0_19:0_20:0_21:0_22:0_23:0_24:0_25:0_26:0_27:0_28:0_29:0_30:0_31:0_32:0_33:0_34:0_35:0_36:0_37:0_38:0_39:0_40:0_41:0_42:0_43:0_44:0_45:0_46:0_47:0_48:0_49:0_50:0_51:0_52:0_53:0_54:0_55:0_56:0_57:0_58:0_59:0_60:0_61:0_62:0_63:0_64:0_65:0_66:0_67:0_68:0_69:0_70:0_71:0_72:0_73:0_74:0_75:0_76:0_77:0_78:0_79:0_80:0_81:0_82:0_83:0_84:0_85:0_86:0_87:0_88:0_89:0_90:0_91:0_92:0_93:0_94:0_95:0_96:0_97:0_98:0_99:0_100:0_101:0_102:0_103:0_104:0_105:0_106:0_107:0_108:0_109:0_110:0_111:0_112:0_113:0_114:0_115:0_116:0_117:0_118:0_119:0_120:0_121:0_122:0_123:0_124:0_125:0_126:0_127:0_128:0_129:0_130:0_131:0_132:0_133:0_134:0_135:0_136:0_137:0_138:0_139:0_140:0_141:0_142:0_143:0_144:0_145:0_146:0_147:0_148:0_149:0_150:0_151:0_152:0_153:0_154:0_155:0_156:0_157:0_158:0_159:0_160:0 | W41: 1:0_2:0_3:0_4:0_5:0_6:0_7:0_8:0_9:0_10:0_11:0_12:0_13:0_14:0_15:0_16:0_17:0_18:0_19:0_20:0_21:0_22:0_23:0_24:0_25:0_26:0_27:0_28:0_29:0_30:0_31:0_32:0_33:0_34:0_35:0_36:0_37:0_38:0_39:0_40:0_41:0_42:0_43:0_44:0_45:0_46:0_47:0_48:0_49:0_50:0_51:0_52:0_53:0_54:0_55:0_56:0_57:0_58:0_59:0_60:0_61:0_62:0_63:0_64:0_65:0_66:0_67:0_68:0_69:0_70:0_71:0_72:0_73:0_74:0_75:0_76:0_77:0_78:0_79:0_80:0_81:0_82:0_83:0_84:0_85:0_86:0_87:0_88:0_89:0_90:0_91:0_92:0_93:0_94:0_95:0_96:0_97:0_98:0_99:0_100:0_101:0_102:0_103:0_104:0_105:0_106:0_107:0_108:0_109:0_110:0_111:0_112:0_113:0_114:0_115:0_116:0_117:0_118:0_119:0_120:0_121:0_122:0_123:0_124:0_125:0_126:0_127:0_128:0_129:0_130:0_131:0_132:0_133:0_134:0_135:0_136:0_137:0_138:0_139:0_140:0_141:0_142:0_143:0_144:0_145:0_146:0_147:0_148:0_149:0_150:0_151:0_152:0_153:0_154:0_155:0_156:0_157:0_158:0_159:0_160:0 | X41: 1:0_2:0_3:0_4:0_5:0_6:0_7:0_8:0_9:0_10:0_11:0_12:0_13:0_14:0_15:0_16:0_17:0_18:0_19:0_20:0_21:0_22:0_23:0_24:0_25:0_26:0_27:0_28:0_29:0_30:0_31:0_32:0_33:0_34:0_35:0_36:0_37:0_38:0_39:0_40:0_41:0_42:0_43:0_44:0_45:0_46:0_47:0_48:0_49:0_50:0_51:0_52:0_53:0_54:0_55:0_56:0_57:0_58:0_59:0_60:0_61:0_62:0_63:0_64:0_65:0_66:0_67:0_68:0_69:0_70:0_71:0_72:0_73:0_74:0_75:0_76:0_77:0_78:0_79:0_80:0_81:0_82:0_83:0_84:0_85:0_86:0_87:0_88:0_89:0_90:0_91:0_92:0_93:0_94:0_95:0_96:0_97:0_98:0_99:0_100:0_101:0_102:0_103:0_104:0_105:0_106:0_107:0_108:0_109:0_110:0_111:0_112:0_113:0_114:0_115:0_116:0_117:0_118:0_119:0_120:0_121:0_122:0_123:0_124:0_125:0_126:0_127:0_128:0_129:0_130:0_131:0_132:0_133:0_134:0_135:0_136:0_137:0_138:0_139:0_140:0_141:0_142:0_143:0_144:0_145:0_146:0_147:0_148:0_149:0_150:0_151:0_152:0_153:0_154:0_155:0_156:0_157:0_158:0_159:0_160:0 | Y41: 20010001 | Z41: 0 | AA41: 1 | AB41: 0:2500_50:5000_80:10000_125:15000_160:30000 | AC41: 10000 | AD41: 10000 | AE41: 0 | AF41: 40 | AG41: 0 | AH41: 0 | AI41: 0 | AJ41: 0
A42: 110309 | B42: 1 | C42: 守卫？2 | D42: 第1关守卫 | E42: 未使用 | F42: 客户端资源组 | G42: 1 | H42: 2 | I42: 0:0 | J42: 0 | K42: 800001021 | L42: 800001021 | M42: 1 | N42: 100 | O42: 2 | P42: 8 | Q42: 0 | R42: 25 | S42: -3000 | T42: 1 | U42: 0 | V42: 1:0_2:0_3:0_4:0_5:0_6:0_7:0_8:0_9:0_10:0_11:0_12:0_13:0_14:0_15:0_16:0_17:0_18:0_19:0_20:0_21:0_22:0_23:0_24:0_25:0_26:0_27:0_28:0_29:0_30:0_31:0_32:0_33:0_34:0_35:0_36:0_37:0_38:0_39:0_40:0_41:0_42:0_43:0_44:0_45:0_46:0_47:0_48:0_49:0_50:0_51:0_52:0_53:0_54:0_55:0_56:0_57:0_58:0_59:0_60:0_61:0_62:0_63:0_64:0_65:0_66:0_67:0_68:0_69:0_70:0_71:0_72:0_73:0_74:0_75:0_76:0_77:0_78:0_79:0_80:0_81:0_82:0_83:0_84:0_85:0_86:0_87:0_88:0_89:0_90:0_91:0_92:0_93:0_94:0_95:0_96:0_97:0_98:0_99:0_100:0_101:0_102:0_103:0_104:0_105:0_106:0_107:0_108:0_109:0_110:0_111:0_112:0_113:0_114:0_115:0_116:0_117:0_118:0_119:0_120:0_121:0_122:0_123:0_124:0_125:0_126:0_127:0_128:0_129:0_130:0_131:0_132:0_133:0_134:0_135:0_136:0_137:0_138:0_139:0_140:0_141:0_142:0_143:0_144:0_145:0_146:0_147:0_148:0_149:0_150:0_151:0_152:0_153:0_154:0_155:0_156:0_157:0_158:0_159:0_160:0 | W42: 1:0_2:0_3:0_4:0_5:0_6:0_7:0_8:0_9:0_10:0_11:0_12:0_13:0_14:0_15:0_16:0_17:0_18:0_19:0_20:0_21:0_22:0_23:0_24:0_25:0_26:0_27:0_28:0_29:0_30:0_31:0_32:0_33:0_34:0_35:0_36:0_37:0_38:0_39:0_40:0_41:0_42:0_43:0_44:0_45:0_46:0_47:0_48:0_49:0_50:0_51:0_52:0_53:0_54:0_55:0_56:0_57:0_58:0_59:0_60:0_61:0_62:0_63:0_64:0_65:0_66:0_67:0_68:0_69:0_70:0_71:0_72:0_73:0_74:0_75:0_76:0_77:0_78:0_79:0_80:0_81:0_82:0_83:0_84:0_85:0_86:0_87:0_88:0_89:0_90:0_91:0_92:0_93:0_94:0_95:0_96:0_97:0_98:0_99:0_100:0_101:0_102:0_103:0_104:0_105:0_106:0_107:0_108:0_109:0_110:0_111:0_112:0_113:0_114:0_115:0_116:0_117:0_118:0_119:0_120:0_121:0_122:0_123:0_124:0_125:0_126:0_127:0_128:0_129:0_130:0_131:0_132:0_133:0_134:0_135:0_136:0_137:0_138:0_139:0_140:0_141:0_142:0_143:0_144:0_145:0_146:0_147:0_148:0_149:0_150:0_151:0_152:0_153:0_154:0_155:0_156:0_157:0_158:0_159:0_160:0 | X42: 1:0_2:0_3:0_4:0_5:0_6:0_7:0_8:0_9:0_10:0_11:0_12:0_13:0_14:0_15:0_16:0_17:0_18:0_19:0_20:0_21:0_22:0_23:0_24:0_25:0_26:0_27:0_28:0_29:0_30:0_31:0_32:0_33:0_34:0_35:0_36:0_37:0_38:0_39:0_40:0_41:0_42:0_43:0_44:0_45:0_46:0_47:0_48:0_49:0_50:0_51:0_52:0_53:0_54:0_55:0_56:0_57:0_58:0_59:0_60:0_61:0_62:0_63:0_64:0_65:0_66:0_67:0_68:0_69:0_70:0_71:0_72:0_73:0_74:0_75:0_76:0_77:0_78:0_79:0_80:0_81:0_82:0_83:0_84:0_85:0_86:0_87:0_88:0_89:0_90:0_91:0_92:0_93:0_94:0_95:0_96:0_97:0_98:0_99:0_100:0_101:0_102:0_103:0_104:0_105:0_106:0_107:0_108:0_109:0_110:0_111:0_112:0_113:0_114:0_115:0_116:0_117:0_118:0_119:0_120:0_121:0_122:0_123:0_124:0_125:0_126:0_127:0_128:0_129:0_130:0_131:0_132:0_133:0_134:0_135:0_136:0_137:0_138:0_139:0_140:0_141:0_142:0_143:0_144:0_145:0_146:0_147:0_148:0_149:0_150:0_151:0_152:0_153:0_154:0_155:0_156:0_157:0_158:0_159:0_160:0 | Y42: 20010001 | Z42: 0 | AA42: 1 | AB42: 0:2500_50:5000_80:10000_125:15000_160:30000 | AC42: 10000 | AD42: 10000 | AE42: 0 | AF42: 40 | AG42: 0 | AH42: 0 | AI42: 0 | AJ42: 0
A43: 110310 | B43: 1 | C43: 守卫？3 | D43: 第1关守卫 | E43: 未使用 | F43: 客户端资源组 | G43: 1 | H43: 2 | I43: 0:0 | J43: 0 | K43: 800001021 | L43: 800001021 | M43: 1 | N43: 100 | O43: 2 | P43: 8 | Q43: 0 | R43: 25 | S43: -3000 | T43: 1 | U43: 0 | V43: 1:0_2:0_3:0_4:0_5:0_6:0_7:0_8:0_9:0_10:0_11:0_12:0_13:0_14:0_15:0_16:0_17:0_18:0_19:0_20:0_21:0_22:0_23:0_24:0_25:0_26:0_27:0_28:0_29:0_30:0_31:0_32:0_33:0_34:0_35:0_36:0_37:0_38:0_39:0_40:0_41:0_42:0_43:0_44:0_45:0_46:0_47:0_48:0_49:0_50:0_51:0_52:0_53:0_54:0_55:0_56:0_57:0_58:0_59:0_60:0_61:0_62:0_63:0_64:0_65:0_66:0_67:0_68:0_69:0_70:0_71:0_72:0_73:0_74:0_75:0_76:0_77:0_78:0_79:0_80:0_81:0_82:0_83:0_84:0_85:0_86:0_87:0_88:0_89:0_90:0_91:0_92:0_93:0_94:0_95:0_96:0_97:0_98:0_99:0_100:0_101:0_102:0_103:0_104:0_105:0_106:0_107:0_108:0_109:0_110:0_111:0_112:0_113:0_114:0_115:0_116:0_117:0_118:0_119:0_120:0_121:0_122:0_123:0_124:0_125:0_126:0_127:0_128:0_129:0_130:0_131:0_132:0_133:0_134:0_135:0_136:0_137:0_138:0_139:0_140:0_141:0_142:0_143:0_144:0_145:0_146:0_147:0_148:0_149:0_150:0_151:0_152:0_153:0_154:0_155:0_156:0_157:0_158:0_159:0_160:0 | W43: 1:0_2:0_3:0_4:0_5:0_6:0_7:0_8:0_9:0_10:0_11:0_12:0_13:0_14:0_15:0_16:0_17:0_18:0_19:0_20:0_21:0_22:0_23:0_24:0_25:0_26:0_27:0_28:0_29:0_30:0_31:0_32:0_33:0_34:0_35:0_36:0_37:0_38:0_39:0_40:0_41:0_42:0_43:0_44:0_45:0_46:0_47:0_48:0_49:0_50:0_51:0_52:0_53:0_54:0_55:0_56:0_57:0_58:0_59:0_60:0_61:0_62:0_63:0_64:0_65:0_66:0_67:0_68:0_69:0_70:0_71:0_72:0_73:0_74:0_75:0_76:0_77:0_78:0_79:0_80:0_81:0_82:0_83:0_84:0_85:0_86:0_87:0_88:0_89:0_90:0_91:0_92:0_93:0_94:0_95:0_96:0_97:0_98:0_99:0_100:0_101:0_102:0_103:0_104:0_105:0_106:0_107:0_108:0_109:0_110:0_111:0_112:0_113:0_114:0_115:0_116:0_117:0_118:0_119:0_120:0_121:0_122:0_123:0_124:0_125:0_126:0_127:0_128:0_129:0_130:0_131:0_132:0_133:0_134:0_135:0_136:0_137:0_138:0_139:0_140:0_141:0_142:0_143:0_144:0_145:0_146:0_147:0_148:0_149:0_150:0_151:0_152:0_153:0_154:0_155:0_156:0_157:0_158:0_159:0_160:0 | X43: 1:0_2:0_3:0_4:0_5:0_6:0_7:0_8:0_9:0_10:0_11:0_12:0_13:0_14:0_15:0_16:0_17:0_18:0_19:0_20:0_21:0_22:0_23:0_24:0_25:0_26:0_27:0_28:0_29:0_30:0_31:0_32:0_33:0_34:0_35:0_36:0_37:0_38:0_39:0_40:0_41:0_42:0_43:0_44:0_45:0_46:0_47:0_48:0_49:0_50:0_51:0_52:0_53:0_54:0_55:0_56:0_57:0_58:0_59:0_60:0_61:0_62:0_63:0_64:0_65:0_66:0_67:0_68:0_69:0_70:0_71:0_72:0_73:0_74:0_75:0_76:0_77:0_78:0_79:0_80:0_81:0_82:0_83:0_84:0_85:0_86:0_87:0_88:0_89:0_90:0_91:0_92:0_93:0_94:0_95:0_96:0_97:0_98:0_99:0_100:0_101:0_102:0_103:0_104:0_105:0_106:0_107:0_108:0_109:0_110:0_111:0_112:0_113:0_114:0_115:0_116:0_117:0_118:0_119:0_120:0_121:0_122:0_123:0_124:0_125:0_126:0_127:0_128:0_129:0_130:0_131:0_132:0_133:0_134:0_135:0_136:0_137:0_138:0_139:0_140:0_141:0_142:0_143:0_144:0_145:0_146:0_147:0_148:0_149:0_150:0_151:0_152:0_153:0_154:0_155:0_156:0_157:0_158:0_159:0_160:0 | Y43: 20010001 | Z43: 0 | AA43: 1 | AB43: 0:2500_50:5000_80:10000_125:15000_160:30000 | AC43: 10000 | AD43: 10000 | AE43: 0 | AF43: 40 | AG43: 0 | AH43: 0 | AI43: 0 | AJ43: 0
A44: 110401 | B44: 1 | C44: 卫兵 | D44: 雷霆魔头3 | E44: 未使用 | F44: 客户端资源组 | G44: 1 | H44: 2 | I44: 0:0 | J44: 0 | K44: 800001021 | L44: 800001021 | M44: 1 | N44: 100 | O44: 2 | P44: 8 | Q44: 0 | R44: 25 | S44: -3000 | T44: 1 | U44: 0 | V44: 1:0_2:0_3:0_4:0_5:0_6:0_7:0_8:0_9:0_10:0_11:0_12:0_13:0_14:0_15:0_16:0_17:0_18:0_19:0_20:0_21:0_22:0_23:0_24:0_25:0_26:0_27:0_28:0_29:0_30:0_31:0_32:0_33:0_34:0_35:0_36:0_37:0_38:0_39:0_40:0_41:0_42:0_43:0_44:0_45:0_46:0_47:0_48:0_49:0_50:0_51:0_52:0_53:0_54:0_55:0_56:0_57:0_58:0_59:0_60:0_61:0_62:0_63:0_64:0_65:0_66:0_67:0_68:0_69:0_70:0_71:0_72:0_73:0_74:0_75:0_76:0_77:0_78:0_79:0_80:0_81:0_82:0_83:0_84:0_85:0_86:0_87:0_88:0_89:0_90:0_91:0_92:0_93:0_94:0_95:0_96:0_97:0_98:0_99:0_100:0_101:0_102:0_103:0_104:0_105:0_106:0_107:0_108:0_109:0_110:0_111:0_112:0_113:0_114:0_115:0_116:0_117:0_118:0_119:0_120:0_121:0_122:0_123:0_124:0_125:0_126:0_127:0_128:0_129:0_130:0_131:0_132:0_133:0_134:0_135:0_136:0_137:0_138:0_139:0_140:0_141:0_142:0_143:0_144:0_145:0_146:0_147:0_148:0_149:0_150:0_151:0_152:0_153:0_154:0_155:0_156:0_157:0_158:0_159:0_160:0 | W44: 1:0_2:0_3:0_4:0_5:0_6:0_7:0_8:0_9:0_10:0_11:0_12:0_13:0_14:0_15:0_16:0_17:0_18:0_19:0_20:0_21:0_22:0_23:0_24:0_25:0_26:0_27:0_28:0_29:0_30:0_31:0_32:0_33:0_34:0_35:0_36:0_37:0_38:0_39:0_40:0_41:0_42:0_43:0_44:0_45:0_46:0_47:0_48:0_49:0_50:0_51:0_52:0_53:0_54:0_55:0_56:0_57:0_58:0_59:0_60:0_61:0_62:0_63:0_64:0_65:0_66:0_67:0_68:0_69:0_70:0_71:0_72:0_73:0_74:0_75:0_76:0_77:0_78:0_79:0_80:0_81:0_82:0_83:0_84:0_85:0_86:0_87:0_88:0_89:0_90:0_91:0_92:0_93:0_94:0_95:0_96:0_97:0_98:0_99:0_100:0_101:0_102:0_103:0_104:0_105:0_106:0_107:0_108:0_109:0_110:0_111:0_112:0_113:0_114:0_115:0_116:0_117:0_118:0_119:0_120:0_121:0_122:0_123:0_124:0_125:0_126:0_127:0_128:0_129:0_130:0_131:0_132:0_133:0_134:0_135:0_136:0_137:0_138:0_139:0_140:0_141:0_142:0_143:0_144:0_145:0_146:0_147:0_148:0_149:0_150:0_151:0_152:0_153:0_154:0_155:0_156:0_157:0_158:0_159:0_160:0 | X44: 1:0_2:0_3:0_4:0_5:0_6:0_7:0_8:0_9:0_10:0_11:0_12:0_13:0_14:0_15:0_16:0_17:0_18:0_19:0_20:0_21:0_22:0_23:0_24:0_25:0_26:0_27:0_28:0_29:0_30:0_31:0_32:0_33:0_34:0_35:0_36:0_37:0_38:0_39:0_40:0_41:0_42:0_43:0_44:0_45:0_46:0_47:0_48:0_49:0_50:0_51:0_52:0_53:0_54:0_55:0_56:0_57:0_58:0_59:0_60:0_61:0_62:0_63:0_64:0_65:0_66:0_67:0_68:0_69:0_70:0_71:0_72:0_73:0_74:0_75:0_76:0_77:0_78:0_79:0_80:0_81:0_82:0_83:0_84:0_85:0_86:0_87:0_88:0_89:0_90:0_91:0_92:0_93:0_94:0_95:0_96:0_97:0_98:0_99:0_100:0_101:0_102:0_103:0_104:0_105:0_106:0_107:0_108:0_109:0_110:0_111:0_112:0_113:0_114:0_115:0_116:0_117:0_118:0_119:0_120:0_121:0_122:0_123:0_124:0_125:0_126:0_127:0_128:0_129:0_130:0_131:0_132:0_133:0_134:0_135:0_136:0_137:0_138:0_139:0_140:0_141:0_142:0_143:0_144:0_145:0_146:0_147:0_148:0_149:0_150:0_151:0_152:0_153:0_154:0_155:0_156:0_157:0_158:0_159:0_160:0 | Y44: 20010001 | Z44: 0 | AA44: 1 | AB44: 0:2500_2:5000_3:10000_5:15000_6:30000 | AC44: 10000 | AD44: 10000 | AE44: 0 | AF44: 40 | AG44: 0 | AH44: 0 | AI44: 0 | AJ44: 0
... A46: 110403 | B46: 1 | C46: 卫兵 | D46: 雷霆魔头3 | E46: 未使用 | F46: 客户端资源组 | G46: 1 | H46: 2 | I46: 0:0 | J46: 0 | K46: 800001021 | L46: 800001021 | M46: 1 | N46: 100 | O46: 2 | P46: 8 | Q46: 0 | R46: 25 | S46: -3000 | T46: 1 | U46: 0 | V46: 1:0_2:0_3:0_4:0_5:0_6:0_7:0_8:0_9:0_10:0_11:0_12:0_13:0_14:0_15:0_16:0_17:0_18:0_19:0_20:0_21:0_22:0_23:0_24:0_25:0_26:0_27:0_28:0_29:0_30:0_31:0_32:0_33:0_34:0_35:0_36:0_37:0_38:0_39:0_40:0_41:0_42:0_43:0_44:0_45:0_46:0_47:0_48:0_49:0_50:0_51:0_52:0_53:0_54:0_55:0_56:0_57:0_58:0_59:0_60:0_61:0_62:0_63:0_64:0_65:0_66:0_67:0_68:0_69:0_70:0_71:0_72:0_73:0_74:0_75:0_76:0_77:0_78:0_79:0_80:0_81:0_82:0_83:0_84:0_85:0_86:0_87:0_88:0_89:0_90:0_91:0_92:0_93:0_94:0_95:0_96:0_97:0_98:0_99:0_100:0_101:0_102:0_103:0_104:0_105:0_106:0_107:0_108:0_109:0_110:0_111:0_112:0_113:0_114:0_115:0_116:0_117:0_118:0_119:0_120:0_121:0_122:0_123:0_124:0_125:0_126:0_127:0_128:0_129:0_130:0_131:0_132:0_133:0_134:0_135:0_136:0_137:0_138:0_139:0_140:0_141:0_142:0_143:0_144:0_145:0_146:0_147:0_148:0_149:0_150:0_151:0_152:0_153:0_154:0_155:0_156:0_157:0_158:0_159:0_160:0 | W46: 1:0_2:0_3:0_4:0_5:0_6:0_7:0_8:0_9:0_10:0_11:0_12:0_13:0_14:0_15:0_16:0_17:0_18:0_19:0_20:0_21:0_22:0_23:0_24:0_25:0_26:0_27:0_28:0_29:0_30:0_31:0_32:0_33:0_34:0_35:0_36:0_37:0_38:0_39:0_40:0_41:0_42:0_43:0_44:0_45:0_46:0_47:0_48:0_49:0_50:0_51:0_52:0_53:0_54:0_55:0_56:0_57:0_58:0_59:0_60:0_61:0_62:0_63:0_64:0_65:0_66:0_67:0_68:0_69:0_70:0_71:0_72:0_73:0_74:0_75:0_76:0_77:0_78:0_79:0_80:0_81:0_82:0_83:0_84:0_85:0_86:0_87:0_88:0_89:0_90:0_91:0_92:0_93:0_94:0_95:0_96:0_97:0_98:0_99:0_100:0_101:0_102:0_103:0_104:0_105:0_106:0_107:0_108:0_109:0_110:0_111:0_112:0_113:0_114:0_115:0_116:0_117:0_118:0_119:0_120:0_121:0_122:0_123:0_124:0_125:0_126:0_127:0_128:0_129:0_130:0_131:0_132:0_133:0_134:0_135:0_136:0_137:0_138:0_139:0_140:0_141:0_142:0_143:0_144:0_145:0_146:0_147:0_148:0_149:0_150:0_151:0_152:0_153:0_154:0_155:0_156:0_157:0_158:0_159:0_160:0 | X46: 1:0_2:0_3:0_4:0_5:0_6:0_7:0_8:0_9:0_10:0_11:0_12:0_13:0_14:0_15:0_16:0_17:0_18:0_19:0_20:0_21:0_22:0_23:0_24:0_25:0_26:0_27:0_28:0_29:0_30:0_31:0_32:0_33:0_34:0_35:0_36:0_37:0_38:0_39:0_40:0_41:0_42:0_43:0_44:0_45:0_46:0_47:0_48:0_49:0_50:0_51:0_52:0_53:0_54:0_55:0_56:0_57:0_58:0_59:0_60:0_61:0_62:0_63:0_64:0_65:0_66:0_67:0_68:0_69:0_70:0_71:0_72:0_73:0_74:0_75:0_76:0_77:0_78:0_79:0_80:0_81:0_82:0_83:0_84:0_85:0_86:0_87:0_88:0_89:0_90:0_91:0_92:0_93:0_94:0_95:0_96:0_97:0_98:0_99:0_100:0_101:0_102:0_103:0_104:0_105:0_106:0_107:0_108:0_109:0_110:0_111:0_112:0_113:0_114:0_115:0_116:0_117:0_118:0_119:0_120:0_121:0_122:0_123:0_124:0_125:0_126:0_127:0_128:0_129:0_130:0_131:0_132:0_133:0_134:0_135:0_136:0_137:0_138:0_139:0_140:0_141:0_142:0_143:0_144:0_145:0_146:0_147:0_148:0_149:0_150:0_151:0_152:0_153:0_154:0_155:0_156:0_157:0_158:0_159:0_160:0 | Y46: 20010001 | Z46: 0 | AA46: 1 | AB46: 0:2500_2:5000_3:10000_5:15000_6:30000 | AC46: 10000 | AD46: 10000 | AE46: 0 | AF46: 40 | AG46: 0 | AH46: 0 | AI46: 0 | AJ46: 0
A47: 121101 | B47: 12 | C47: 小怪1 | D47: 寄居蟹-红 | E47: 未使用 | F47: 1000102 | G47: 12 | H47: 1 | I47: 0:0 | J47: 0 | K47: 骷髅等级1 | L47: 800001011 | M47: 12 | N47: 70 | O47: 0 | P47: 10 | Q47: 0 | R47: 18 | S47: -3000 | T47: 1 | U47: 0 | V47: 1:1_2:1_3:1_4:1_5:1_6:1_7:1_8:1_9:1_10:1_11:1_12:1_13:1_14:1_15:1_16:1_17:1_18:1_19:1_20:1_21:1_22:1_23:1_24:1_25:1_26:1_27:1_28:1_29:1_30:1_31:1_32:1_33:1_34:1_35:1_36:1_37:1_38:1_39:1_40:1_41:1_42:1_43:1_44:1_45:1_46:1_47:1_48:1_49:1_50:1_51:1_52:1_53:1_54:1_55:1_56:1_57:1_58:1_59:1_60:1_61:1_62:1_63:1_64:1_65:1_66:1_67:1_68:1_69:1_70:1_71:1_72:1_73:1_74:1_75:1_76:1_77:1_78:1_79:1_80:1_81:1_82:1_83:1_84:1_85:1_86:1_87:1_88:1_89:1_90:1_91:1_92:1_93:1_94:1_95:1_96:1_97:1_98:1_99:1_100:1_101:1_102:1_103:1_104:1_105:1_106:1_107:1_108:1_109:1_110:1_111:1_112:1_113:1_114:1_115:1_116:1_117:1_118:1_119:1_120:1_121:1_122:1_123:1_124:1_125:1_126:1_127:1_128:1_129:1_130:1_131:1_132:1_133:1_134:1_135:1_136:1_137:1_138:1_139:1_140:1_141:1_142:1_143:1_144:1_145:1_146:1_147:1_148:1_149:1_150:1_151:1_152:1_153:1_154:1_155:1_156:1_157:1_158:1_159:1_160:1 | W47: 1:1_2:1_3:1_4:1_5:1_6:1_7:1_8:1_9:1_10:1_11:1_12:1_13:1_14:1_15:1_16:1_17:1_18:1_19:1_20:1_21:1_22:1_23:1_24:1_25:1_26:1_27:1_28:1_29:1_30:1_31:1_32:1_33:1_34:1_35:1_36:1_37:1_38:1_39:1_40:1_41:1_42:1_43:1_44:1_45:1_46:1_47:1_48:1_49:1_50:1_51:1_52:1_53:1_54:1_55:1_56:1_57:1_58:1_59:1_60:1_61:1_62:1_63:1_64:1_65:1_66:1_67:1_68:1_69:1_70:1_71:1_72:1_73:1_74:1_75:1_76:1_77:1_78:1_79:1_80:1_81:1_82:1_83:1_84:1_85:1_86:1_87:1_88:1_89:1_90:1_91:1_92:1_93:1_94:1_95:1_96:1_97:1_98:1_99:1_100:1_101:0_102:0_103:0_104:0_105:0_106:0_107:0_108:0_109:0_110:0_111:0_112:0_113:0_114:0_115:0_116:0_117:0_118:0_119:0_120:0_121:0_122:0_123:0_124:0_125:0_126:0_127:0_128:0_129:0_130:0_131:0_132:0_133:0_134:0_135:0_136:0_137:0_138:0_139:0_140:0_141:0_142:0_143:0_144:0_145:0_146:0_147:0_148:0_149:0_150:0_151:0_152:0_153:0_154:0_155:0_156:0_157:0_158:0_159:0_160:0 | X47: 1:9_2:9_3:9_4:9_5:9_6:9_7:9_8:9_9:9_10:9_11:9_12:9_13:9_14:9_15:9_16:9_17:9_18:9_19:9_20:9_21:9_22:9_23:9_24:9_25:9_26:9_27:9_28:9_29:9_30:9_31:9_32:9_33:9_34:9_35:9_36:9_37:9_38:9_39:9_40:9_41:9_42:9_43:9_44:9_45:9_46:9_47:9_48:9_49:9_50:9_51:9_52:9_53:9_54:9_55:9_56:9_57:9_58:9_59:9_60:9_61:9_62:9_63:9_64:9_65:9_66:9_67:9_68:9_69:9_70:9_71:9_72:9_73:9_74:9_75:9_76:9_77:9_78:9_79:9_80:9_81:9_82:9_83:9_84:9_85:9_86:9_87:9_88:9_89:9_90:9_91:9_92:9_93:9_94:9_95:9_96:9_97:9_98:9_99:9_100:9_101:9_102:9_103:9_104:9_105:9_106:9_107:9_108:9_109:9_110:9_111:9_112:9_113:9_114:9_115:9_116:9_117:9_118:9_119:9_120:9_121:9_122:9_123:9_124:9_125:9_126:9_127:9_128:9_129:9_130:9_131:9_132:9_133:9_134:9_135:9_136:9_137:9_138:9_139:9_140:9_141:9_142:9_143:9_144:9_145:9_146:9_147:9_148:9_149:9_150:9_151:9_152:9_153:9_154:9_155:9_156:9_157:9_158:9_159:9_160:9 | Y47: 201001011 | Z47: 0 | AA47: 1 | AB47: 0:2500_35:5000_56:10000_88:15000_112:30000 | AC47: 10000 | AD47: 10000 | AE47: 25010001 | AF47: 40 | AG47: 10000 | AH47: 10000 | AI47: 50 | AJ47: 0
A48: 121102 | B48: 12 | C48: 小怪2 | D48: 寄居蟹-绿 | E48: 未使用 | F48: 1000102 | G48: 12 | H48: 1 | I48: 0:0 | J48: 0 | K48: 骷髅等级2 | L48: 800001021 | M48: 12 | N48: 200 | O48: 0 | P48: 21 | Q48: 2 | R48: 230 | S48: -3000 | T48: 1 | U48: 0 | V48: 1:1_2:1_3:1_4:1_5:1_6:1_7:1_8:1_9:1_10:1_11:1_12:1_13:1_14:1_15:1_16:1_17:1_18:1_19:1_20:1_21:1_22:1_23:1_24:1_25:1_26:1_27:1_28:1_29:1_30:1_31:1_32:1_33:1_34:1_35:1_36:1_37:1_38:1_39:1_40:1_41:1_42:1_43:1_44:1_45:1_46:1_47:1_48:1_49:1_50:1_51:1_52:1_53:1_54:1_55:1_56:1_57:1_58:1_59:1_60:1_61:1_62:1_63:1_64:1_65:1_66:1_67:1_68:1_69:1_70:1_71:1_72:1_73:1_74:1_75:1_76:1_77:1_78:1_79:1_80:1_81:1_82:1_83:1_84:1_85:1_86:1_87:1_88:1_89:1_90:1_91:1_92:1_93:1_94:1_95:1_96:1_97:1_98:1_99:1_100:1_101:1_102:1_103:1_104:1_105:1_106:1_107:1_108:1_109:1_110:1_111:1_112:1_113:1_114:1_115:1_116:1_117:1_118:1_119:1_120:1_121:1_122:1_123:1_124:1_125:1_126:1_127:1_128:1_129:1_130:1_131:1_132:1_133:1_134:1_135:1_136:1_137:1_138:1_139:1_140:1_141:1_142:1_143:1_144:1_145:1_146:1_147:1_148:1_149:1_150:1_151:1_152:1_153:1_154:1_155:1_156:1_157:1_158:1_159:1_160:1 | W48: 1:1_2:1_3:1_4:1_5:1_6:1_7:1_8:1_9:1_10:1_11:1_12:1_13:1_14:1_15:1_16:1_17:1_18:1_19:1_20:1_21:1_22:1_23:1_24:1_25:1_26:1_27:1_28:1_29:1_30:1_31:1_32:1_33:1_34:1_35:1_36:1_37:1_38:1_39:1_40:1_41:1_42:1_43:1_44:1_45:1_46:1_47:1_48:1_49:1_50:1_51:1_52:1_53:1_54:1_55:1_56:1_57:1_58:1_59:1_60:1_61:1_62:1_63:1_64:1_65:1_66:1_67:1_68:1_69:1_70:1_71:1_72:1_73:1_74:1_75:1_76:1_77:1_78:1_79:1_80:1_81:1_82:1_83:1_84:1_85:1_86:1_87:1_88:1_89:1_90:1_91:1_92:1_93:1_94:1_95:1_96:1_97:1_98:1_99:1_100:1_101:0_102:0_103:0_104:0_105:0_106:0_107:0_108:0_109:0_110:0_111:0_112:0_113:0_114:0_115:0_116:0_117:0_118:0_119:0_120:0_121:0_122:0_123:0_124:0_125:0_126:0_127:0_128:0_129:0_130:0_131:0_132:0_133:0_134:0_135:0_136:0_137:0_138:0_139:0_140:0_141:0_142:0_143:0_144:0_145:0_146:0_147:0_148:0_149:0_150:0_151:0_152:0_153:0_154:0_155:0_156:0_157:0_158:0_159:0_160:0 | X48: 1:9_2:9_3:9_4:9_5:9_6:9_7:9_8:9_9:9_10:9_11:9_12:9_13:9_14:9_15:9_16:9_17:9_18:9_19:9_20:9_21:9_22:9_23:9_24:9_25:9_26:9_27:9_28:9_29:9_30:9_31:9_32:9_33:9_34:9_35:9_36:9_37:9_38:9_39:9_40:9_41:9_42:9_43:9_44:9_45:9_46:9_47:9_48:9_49:9_50:9_51:9_52:9_53:9_54:9_55:9_56:9_57:9_58:9_59:9_60:9_61:9_62:9_63:9_64:9_65:9_66:9_67:9_68:9_69:9_70:9_71:9_72:9_73:9_74:9_75:9_76:9_77:9_78:9_79:9_80:9_81:9_82:9_83:9_84:9_85:9_86:9_87:9_88:9_89:9_90:9_91:9_92:9_93:9_94:9_95:9_96:9_97:9_98:9_99:9_100:9_101:9_102:9_103:9_104:9_105:9_106:9_107:9_108:9_109:9_110:9_111:9_112:9_113:9_114:9_115:9_116:9_117:9_118:9_119:9_120:9_121:9_122:9_123:9_124:9_125:9_126:9_127:9_128:9_129:9_130:9_131:9_132:9_133:9_134:9_135:9_136:9_137:9_138:9_139:9_140:9_141:9_142:9_143:9_144:9_145:9_146:9_147:9_148:9_149:9_150:9_151:9_152:9_153:9_154:9_155:9_156:9_157:9_158:9_159:9_160:9 | Y48: 201002011 | Z48: 0 | AA48: 1 | AB48: 0:2500_100:5000_160:10000_250:15000_320:30000 | AC48: 10000 | AD48: 10000 | AE48: 25010001 | AF48: 40 | AG48: 3000 | AH48: 10000 | AI48: 10 | AJ48: 0
A49: 121103 | B49: 12 | C49: 小怪3 | D49: 寄居蟹-蓝 | E49: 未使用 | F49: 1000102 | G49: 12 | H49: 1 | I49: 0:0 | J49: 0 | K49: 骷髅等级3 | L49: 800001021 | M49: 12 | N49: 70 | O49: 0 | P49: 15 | Q49: 1 | R49: 300 | S49: -3000 | T49: 1 | U49: 250 | V49: 1:1_2:1_3:1_4:1_5:1_6:1_7:1_8:1_9:1_10:1_11:1_12:1_13:1_14:1_15:1_16:1_17:1_18:1_19:1_20:1_21:1_22:1_23:1_24:1_25:1_26:1_27:1_28:1_29:1_30:1_31:1_32:1_33:1_34:1_35:1_36:1_37:1_38:1_39:1_40:1_41:1_42:1_43:1_44:1_45:1_46:1_47:1_48:1_49:1_50:1_51:1_52:1_53:1_54:1_55:1_56:1_57:1_58:1_59:1_60:1_61:1_62:1_63:1_64:1_65:1_66:1_67:1_68:1_69:1_70:1_71:1_72:1_73:1_74:1_75:1_76:1_77:1_78:1_79:1_80:1_81:1_82:1_83:1_84:1_85:1_86:1_87:1_88:1_89:1_90:1_91:1_92:1_93:1_94:1_95:1_96:1_97:1_98:1_99:1_100:1_101:1_102:1_103:1_104:1_105:1_106:1_107:1_108:1_109:1_110:1_111:1_112:1_113:1_114:1_115:1_116:1_117:1_118:1_119:1_120:1_121:1_122:1_123:1_124:1_125:1_126:1_127:1_128:1_129:1_130:1_131:1_132:1_133:1_134:1_135:1_136:1_137:1_138:1_139:1_140:1_141:1_142:1_143:1_144:1_145:1_146:1_147:1_148:1_149:1_150:1_151:1_152:1_153:1_154:1_155:1_156:1_157:1_158:1_159:1_160:1 | W49: 1:1_2:1_3:1_4:1_5:1_6:1_7:1_8:1_9:1_10:1_11:1_12:1_13:1_14:1_15:1_16:1_17:1_18:1_19:1_20:1_21:1_22:1_23:1_24:1_25:1_26:1_27:1_28:1_29:1_30:1_31:1_32:1_33:1_34:1_35:1_36:1_37:1_38:1_39:1_40:1_41:1_42:1_43:1_44:1_45:1_46:1_47:1_48:1_49:1_50:1_51:1_52:1_53:1_54:1_55:1_56:1_57:1_58:1_59:1_60:1_61:1_62:1_63:1_64:1_65:1_66:1_67:1_68:1_69:1_70:1_71:1_72:1_73:1_74:1_75:1_76:1_77:1_78:1_79:1_80:1_81:1_82:1_83:1_84:1_85:1_86:1_87:1_88:1_89:1_90:1_91:1_92:1_93:1_94:1_95:1_96:1_97:1_98:1_99:1_100:1_101:0_102:0_103:0_104:0_105:0_106:0_107:0_108:0_109:0_110:0_111:0_112:0_113:0_114:0_115:0_116:0_117:0_118:0_119:0_120:0_121:0_122:0_123:0_124:0_125:0_126:0_127:0_128:0_129:0_130:0_131:0_132:0_133:0_134:0_135:0_136:0_137:0_138:0_139:0_140:0_141:0_142:0_143:0_144:0_145:0_146:0_147:0_148:0_149:0_150:0_151:0_152:0_153:0_154:0_155:0_156:0_157:0_158:0_159:0_160:0 | X49: 1:9_2:9_3:9_4:9_5:9_6:9_7:9_8:9_9:9_10:9_11:9_12:9_13:9_14:9_15:9_16:9_17:9_18:9_19:9_20:9_21:9_22:9_23:9_24:9_25:9_26:9_27:9_28:9_29:9_30:9_31:9_32:9_33:9_34:9_35:9_36:9_37:9_38:9_39:9_40:9_41:9_42:9_43:9_44:9_45:9_46:9_47:9_48:9_49:9_50:9_51:9_52:9_53:9_54:9_55:9_56:9_57:9_58:9_59:9_60:9_61:9_62:9_63:9_64:9_65:9_66:9_67:9_68:9_69:9_70:9_71:9_72:9_73:9_74:9_75:9_76:9_77:9_78:9_79:9_80:9_81:9_82:9_83:9_84:9_85:9_86:9_87:9_88:9_89:9_90:9_91:9_92:9_93:9_94:9_95:9_96:9_97:9_98:9_99:9_100:9_101:9_102:9_103:9_104:9_105:9_106:9_107:9_108:9_109:9_110:9_111:9_112:9_113:9_114:9_115:9_116:9_117:9_118:9_119:9_120:9_121:9_122:9_123:9_124:9_125:9_126:9_127:9_128:9_129:9_130:9_131:9_132:9_133:9_134:9_135:9_136:9_137:9_138:9_139:9_140:9_141:9_142:9_143:9_144:9_145:9_146:9_147:9_148:9_149:9_150:9_151:9_152:9_153:9_154:9_155:9_156:9_157:9_158:9_159:9_160:9 | Y49: 20010001 | Z49: 0 | AA49: 1 | AB49: 0:2500_35:5000_56:10000_88:15000_112:30000 | AC49: 10000 | AD49: 10000 | AE49: 25010001 | AF49: 40 | AG49: 0 | AH49: 0 | AI49: 0 | AJ49: 0
A50: 121104 | B50: 12 | C50: 小怪4 | D50: 乌龟怪-红 | E50: 未使用 | F50: 1000010 | G50: 12 | H50: 1 | I50: 0:0 | J50: 0 | K50: 弓箭骷髅等级4 | L50: 800001041 | M50: 12 | N50: 70 | O50: 0 | P50: 11 | Q50: 0 | R50: 15 | S50: -3000 | T50: 1 | U50: 0 | V50: 1:1_2:1_3:1_4:1_5:1_6:1_7:1_8:1_9:1_10:1_11:1_12:1_13:1_14:1_15:1_16:1_17:1_18:1_19:1_20:1_21:1_22:1_23:1_24:1_25:1_26:1_27:1_28:1_29:1_30:1_31:1_32:1_33:1_34:1_35:1_36:1_37:1_38:1_39:1_40:1_41:1_42:1_43:1_44:1_45:1_46:1_47:1_48:1_49:1_50:1_51:1_52:1_53:1_54:1_55:1_56:1_57:1_58:1_59:1_60:1_61:1_62:1_63:1_64:1_65:1_66:1_67:1_68:1_69:1_70:1_71:1_72:1_73:1_74:1_75:1_76:1_77:1_78:1_79:1_80:1_81:1_82:1_83:1_84:1_85:1_86:1_87:1_88:1_89:1_90:1_91:1_92:1_93:1_94:1_95:1_96:1_97:1_98:1_99:1_100:1_101:1_102:1_103:1_104:1_105:1_106:1_107:1_108:1_109:1_110:1_111:1_112:1_113:1_114:1_115:1_116:1_117:1_118:1_119:1_120:1_121:1_122:1_123:1_124:1_125:1_126:1_127:1_128:1_129:1_130:1_131:1_132:1_133:1_134:1_135:1_136:1_137:1_138:1_139:1_140:1_141:1_142:1_143:1_144:1_145:1_146:1_147:1_148:1_149:1_150:1_151:1_152:1_153:1_154:1_155:1_156:1_157:1_158:1_159:1_160:1 | W50: 1:1_2:1_3:1_4:1_5:1_6:1_7:1_8:1_9:1_10:1_11:1_12:1_13:1_14:1_15:1_16:1_17:1_18:1_19:1_20:1_21:1_22:1_23:1_24:1_25:1_26:1_27:1_28:1_29:1_30:1_31:1_32:1_33:1_34:1_35:1_36:1_37:1_38:1_39:1_40:1_41:1_42:1_43:1_44:1_45:1_46:1_47:1_48:1_49:1_50:1_51:1_52:1_53:1_54:1_55:1_56:1_57:1_58:1_59:1_60:1_61:1_62:1_63:1_64:1_65:1_66:1_67:1_68:1_69:1_70:1_71:1_72:1_73:1_74:1_75:1_76:1_77:1_78:1_79:1_80:1_81:1_82:1_83:1_84:1_85:1_86:1_87:1_88:1_89:1_90:1_91:1_92:1_93:1_94:1_95:1_96:1_97:1_98:1_99:1_100:1_101:0_102:0_103:0_104:0_105:0_106:0_107:0_108:0_109:0_110:0_111:0_112:0_113:0_114:0_115:0_116:0_117:0_118:0_119:0_120:0_121:0_122:0_123:0_124:0_125:0_126:0_127:0_128:0_129:0_130:0_131:0_132:0_133:0_134:0_135:0_136:0_137:0_138:0_139:0_140:0_141:0_142:0_143:0_144:0_145:0_146:0_147:0_148:0_149:0_150:0_151:0_152:0_153:0_154:0_155:0_156:0_157:0_158:0_159:0_160:0 | X50: 1:9_2:9_3:9_4:9_5:9_6:9_7:9_8:9_9:9_10:9_11:9_12:9_13:9_14:9_15:9_16:9_17:9_18:9_19:9_20:9_21:9_22:9_23:9_24:9_25:9_26:9_27:9_28:9_29:9_30:9_31:9_32:9_33:9_34:9_35:9_36:9_37:9_38:9_39:9_40:9_41:9_42:9_43:9_44:9_45:9_46:9_47:9_48:9_49:9_50:9_51:9_52:9_53:9_54:9_55:9_56:9_57:9_58:9_59:9_60:9_61:9_62:9_63:9_64:9_65:9_66:9_67:9_68:9_69:9_70:9_71:9_72:9_73:9_74:9_75:9_76:9_77:9_78:9_79:9_80:9_81:9_82:9_83:9_84:9_85:9_86:9_87:9_88:9_89:9_90:9_91:9_92:9_93:9_94:9_95:9_96:9_97:9_98:9_99:9_100:9_101:9_102:9_103:9_104:9_105:9_106:9_107:9_108:9_109:9_110:9_111:9_112:9_113:9_114:9_115:9_116:9_117:9_118:9_119:9_120:9_121:9_122:9_123:9_124:9_125:9_126:9_127:9_128:9_129:9_130:9_131:9_132:9_133:9_134:9_135:9_136:9_137:9_138:9_139:9_140:9_141:9_142:9_143:9_144:9_145:9_146:9_147:9_148:9_149:9_150:9_151:9_152:9_153:9_154:9_155:9_156:9_157:9_158:9_159:9_160:9 | Y50: 201004011 | Z50: 0 | AA50: 1 | AB50: 0:2500_35:5000_56:10000_88:15000_112:30000 | AC50: 10000 | AD50: 10000 | AE50: 25010001 | AF50: 40 | AG50: 10000 | AH50: 10000 | AI50: 80 | AJ50: 10
A51: 121105 | B51: 12 | C51: 小怪5 | D51: 乌龟怪-绿 | E51: 未使用 | F51: 1000010 | G51: 12 | H51: 1 | I51: 0:0 | J51: 0 | K51: 蜘蛛等级1 | L51: 800014011 | M51: 12 | N51: 125 | O51: 0 | P51: 11 | Q51: 1 | R51: 48 | S51: -3000 | T51: 1 | U51: 0 | V51: 1:1_2:1_3:1_4:1_5:1_6:1_7:1_8:1_9:1_10:1_11:1_12:1_13:1_14:1_15:1_16:1_17:1_18:1_19:1_20:1_21:1_22:1_23:1_24:1_25:1_26:1_27:1_28:1_29:1_30:1_31:1_32:1_33:1_34:1_35:1_36:1_37:1_38:1_39:1_40:1_41:1_42:1_43:1_44:1_45:1_46:1_47:1_48:1_49:1_50:1_51:1_52:1_53:1_54:1_55:1_56:1_57:1_58:1_59:1_60:1_61:1_62:1_63:1_64:1_65:1_66:1_67:1_68:1_69:1_70:1_71:1_72:1_73:1_74:1_75:1_76:1_77:1_78:1_79:1_80:1_81:1_82:1_83:1_84:1_85:1_86:1_87:1_88:1_89:1_90:1_91:1_92:1_93:1_94:1_95:1_96:1_97:1_98:1_99:1_100:1_101:1_102:1_103:1_104:1_105:1_106:1_107:1_108:1_109:1_110:1_111:1_112:1_113:1_114:1_115:1_116:1_117:1_118:1_119:1_120:1_121:1_122:1_123:1_124:1_125:1_126:1_127:1_128:1_129:1_130:1_131:1_132:1_133:1_134:1_135:1_136:1_137:1_138:1_139:1_140:1_141:1_142:1_143:1_144:1_145:1_146:1_147:1_148:1_149:1_150:1_151:1_152:1_153:1_154:1_155:1_156:1_157:1_158:1_159:1_160:1 | W51: 1:1_2:1_3:1_4:1_5:1_6:1_7:1_8:1_9:1_10:1_11:1_12:1_13:1_14:1_15:1_16:1_17:1_18:1_19:1_20:1_21:1_22:1_23:1_24:1_25:1_26:1_27:1_28:1_29:1_30:1_31:1_32:1_33:1_34:1_35:1_36:1_37:1_38:1_39:1_40:1_41:1_42:1_43:1_44:1_45:1_46:1_47:1_48:1_49:1_50:1_51:1_52:1_53:1_54:1_55:1_56:1_57:1_58:1_59:1_60:1_61:1_62:1_63:1_64:1_65:1_66:1_67:1_68:1_69:1_70:1_71:1_72:1_73:1_74:1_75:1_76:1_77:1_78:1_79:1_80:1_81:1_82:1_83:1_84:1_85:1_86:1_87:1_88:1_89:1_90:1_91:1_92:1_93:1_94:1_95:1_96:1_97:1_98:1_99:1_100:1_101:0_102:0_103:0_104:0_105:0_106:0_107:0_108:0_109:0_110:0_111:0_112:0_113:0_114:0_115:0_116:0_117:0_118:0_119:0_120:0_121:0_122:0_123:0_124:0_125:0_126:0_127:0_128:0_129:0_130:0_131:0_132:0_133:0_134:0_135:0_136:0_137:0_138:0_139:0_140:0_141:0_142:0_143:0_144:0_145:0_146:0_147:0_148:0_149:0_150:0_151:0_152:0_153:0_154:0_155:0_156:0_157:0_158:0_159:0_160:0 | X51: 1:9_2:9_3:9_4:9_5:9_6:9_7:9_8:9_9:9_10:9_11:9_12:9_13:9_14:9_15:9_16:9_17:9_18:9_19:9_20:9_21:9_22:9_23:9_24:9_25:9_26:9_27:9_28:9_29:9_30:9_31:9_32:9_33:9_34:9_35:9_36:9_37:9_38:9_39:9_40:9_41:9_42:9_43:9_44:9_45:9_46:9_47:9_48:9_49:9_50:9_51:9_52:9_53:9_54:9_55:9_56:9_57:9_58:9_59:9_60:9_61:9_62:9_63:9_64:9_65:9_66:9_67:9_68:9_69:9_70:9_71:9_72:9_73:9_74:9_75:9_76:9_77:9_78:9_79:9_80:9_81:9_82:9_83:9_84:9_85:9_86:9_87:9_88:9_89:9_90:9_91:9_92:9_93:9_94:9_95:9_96:9_97:9_98:9_99:9_100:9_101:9_102:9_103:9_104:9_105:9_106:9_107:9_108:9_109:9_110:9_111:9_112:9_113:9_114:9_115:9_116:9_117:9_118:9_119:9_120:9_121:9_122:9_123:9_124:9_125:9_126:9_127:9_128:9_129:9_130:9_131:9_132:9_133:9_134:9_135:9_136:9_137:9_138:9_139:9_140:9_141:9_142:9_143:9_144:9_145:9_146:9_147:9_148:9_149:9_150:9_151:9_152:9_153:9_154:9_155:9_156:9_157:9_158:9_159:9_160:9 | Y51: 214001011 | Z51: 0 | AA51: 1 | AB51: 0:2500_63:5000_100:10000_156:15000_200:30000 | AC51: 10000 | AD51: 10000 | AE51: 25010001 | AF51: 40 | AG51: 10000 | AH51: 10000 | AI51: 40 | AJ51: 0
A52: 121106 | B52: 12 | C52: 小怪6 | D52: 乌龟怪-蓝 | E52: 未使用 | F52: 1000010 | G52: 12 | H52: 1 | I52: 0:0 | J52: 0 | K52: 战甲斑狼 | L52: 1000010 | M52: 12 | N52: 100 | O52: 0 | P52: 15 | Q52: 0 | R52: 36 | S52: -3000 | T52: 1 | U52: 0 | V52: 1:1_2:1_3:1_4:1_5:1_6:1_7:1_8:1_9:1_10:1_11:1_12:1_13:1_14:1_15:1_16:1_17:1_18:1_19:1_20:1_21:1_22:1_23:1_24:1_25:1_26:1_27:1_28:1_29:1_30:1_31:1_32:1_33:1_34:1_35:1_36:1_37:1_38:1_39:1_40:1_41:1_42:1_43:1_44:1_45:1_46:1_47:1_48:1_49:1_50:1_51:1_52:1_53:1_54:1_55:1_56:1_57:1_58:1_59:1_60:1_61:1_62:1_63:1_64:1_65:1_66:1_67:1_68:1_69:1_70:1_71:1_72:1_73:1_74:1_75:1_76:1_77:1_78:1_79:1_80:1_81:1_82:1_83:1_84:1_85:1_86:1_87:1_88:1_89:1_90:1_91:1_92:1_93:1_94:1_95:1_96:1_97:1_98:1_99:1_100:1_101:1_102:1_103:1_104:1_105:1_106:1_107:1_108:1_109:1_110:1_111:1_112:1_113:1_114:1_115:1_116:1_117:1_118:1_119:1_120:1_121:1_122:1_123:1_124:1_125:1_126:1_127:1_128:1_129:1_130:1_131:1_132:1_133:1_134:1_135:1_136:1_137:1_138:1_139:1_140:1_141:1_142:1_143:1_144:1_145:1_146:1_147:1_148:1_149:1_150:1_151:1_152:1_153:1_154:1_155:1_156:1_157:1_158:1_159:1_160:1 | W52: 1:1_2:1_3:1_4:1_5:1_6:1_7:1_8:1_9:1_10:1_11:1_12:1_13:1_14:1_15:1_16:1_17:1_18:1_19:1_20:1_21:1_22:1_23:1_24:1_25:1_26:1_27:1_28:1_29:1_30:1_31:1_32:1_33:1_34:1_35:1_36:1_37:1_38:1_39:1_40:1_41:1_42:1_43:1_44:1_45:1_46:1_47:1_48:1_49:1_50:1_51:1_52:1_53:1_54:1_55:1_56:1_57:1_58:1_59:1_60:1_61:1_62:1_63:1_64:1_65:1_66:1_67:1_68:1_69:1_70:1_71:1_72:1_73:1_74:1_75:1_76:1_77:1_78:1_79:1_80:1_81:1_82:1_83:1_84:1_85:1_86:1_87:1_88:1_89:1_90:1_91:1_92:1_93:1_94:1_95:1_96:1_97:1_98:1_99:1_100:1_101:0_102:0_103:0_104:0_105:0_106:0_107:0_108:0_109:0_110:0_111:0_112:0_113:0_114:0_115:0_116:0_117:0_118:0_119:0_120:0_121:0_122:0_123:0_124:0_125:0_126:0_127:0_128:0_129:0_130:0_131:0_132:0_133:0_134:0_135:0_136:0_137:0_138:0_139:0_140:0_141:0_142:0_143:0_144:0_145:0_146:0_147:0_148:0_149:0_150:0_151:0_152:0_153:0_154:0_155:0_156:0_157:0_158:0_159:0_160:0 | X52: 1:209_2:209_3:209_4:209_5:209_6:209_7:209_8:209_9:209_10:209_11:209_12:209_13:209_14:209_15:209_16:209_17:209_18:209_19:209_20:209_21:209_22:209_23:209_24:209_25:209_26:209_27:209_28:209_29:209_30:209_31:209_32:209_33:209_34:209_35:209_36:209_37:209_38:209_39:209_40:209_41:209_42:209_43:209_44:209_45:209_46:209_47:209_48:209_49:209_50:209_51:209_52:209_53:209_54:209_55:209_56:209_57:209_58:209_59:209_60:209_61:209_62:209_63:209_64:209_65:209_66:209_67:209_68:209_69:209_70:209_71:209_72:209_73:209_74:209_75:209_76:209_77:209_78:209_79:209_80:209_81:209_82:209_83:209_84:209_85:209_86:209_87:209_88:209_89:209_90:209_91:209_92:209_93:209_94:209_95:209_96:209_97:209_98:209_99:209_100:209_101:209_102:209_103:209_104:209_105:209_106:209_107:209_108:209_109:209_110:209_111:209_112:209_113:209_114:209_115:209_116:209_117:209_118:209_119:209_120:209_121:209_122:209_123:209_124:209_125:209_126:209_127:209_128:209_129:209_130:209_131:209_132:209_133:209_134:209_135:209_136:209_137:209_138:209_139:209_140:209_141:209_142:209_143:209_144:209_145:209_146:209_147:209_148:209_149:209_150:209_151:209_152:209_153:209_154:209_155:209_156:209_157:209_158:209_159:209_160:209 | Y52: 20040001 | Z52: 0 | AA52: 1 | AB52: 0:2500_50:5000_80:10000_125:15000_160:30000 | AC52: 10000 | AD52: 10000 | AE52: 25010001 | AF52: 40 | AG52: 0 | AH52: 0 | AI52: 0 | AJ52: 0
A53: 121107 | B53: 12 | C53: 小怪7 | D53: 野狼怪-红 | E53: 未使用 | F53: 1000006 | G53: 12 | H53: 1 | I53: 0:0 | J53: 0 | K53: 甲壳狂徒 | L53: 1000006 | M53: 12 | N53: 100 | O53: 0 | P53: 15 | Q53: 0 | R53: 36 | S53: -3000 | T53: 1 | U53: 0 | V53: 1:1_2:1_3:1_4:1_5:1_6:1_7:1_8:1_9:1_10:1_11:1_12:1_13:1_14:1_15:1_16:1_17:1_18:1_19:1_20:1_21:1_22:1_23:1_24:1_25:1_26:1_27:1_28:1_29:1_30:1_31:1_32:1_33:1_34:1_35:1_36:1_37:1_38:1_39:1_40:1_41:1_42:1_43:1_44:1_45:1_46:1_47:1_48:1_49:1_50:1_51:1_52:1_53:1_54:1_55:1_56:1_57:1_58:1_59:1_60:1_61:1_62:1_63:1_64:1_65:1_66:1_67:1_68:1_69:1_70:1_71:1_72:1_73:1_74:1_75:1_76:1_77:1_78:1_79:1_80:1_81:1_82:1_83:1_84:1_85:1_86:1_87:1_88:1_89:1_90:1_91:1_92:1_93:1_94:1_95:1_96:1_97:1_98:1_99:1_100:1_101:1_102:1_103:1_104:1_105:1_106:1_107:1_108:1_109:1_110:1_111:1_112:1_113:1_114:1_115:1_116:1_117:1_118:1_119:1_120:1_121:1_122:1_123:1_124:1_125:1_126:1_127:1_128:1_129:1_130:1_131:1_132:1_133:1_134:1_135:1_136:1_137:1_138:1_139:1_140:1_141:1_142:1_143:1_144:1_145:1_146:1_147:1_148:1_149:1_150:1_151:1_152:1_153:1_154:1_155:1_156:1_157:1_158:1_159:1_160:1 | W53: 1:1_2:1_3:1_4:1_5:1_6:1_7:1_8:1_9:1_10:1_11:1_12:1_13:1_14:1_15:1_16:1_17:1_18:1_19:1_20:1_21:1_22:1_23:1_24:1_25:1_26:1_27:1_28:1_29:1_30:1_31:1_32:1_33:1_34:1_35:1_36:1_37:1_38:1_39:1_40:1_41:1_42:1_43:1_44:1_45:1_46:1_47:1_48:1_49:1_50:1_51:1_52:1_53:1_54:1_55:1_56:1_57:1_58:1_59:1_60:1_61:1_62:1_63:1_64:1_65:1_66:1_67:1_68:1_69:1_70:1_71:1_72:1_73:1_74:1_75:1_76:1_77:1_78:1_79:1_80:1_81:1_82:1_83:1_84:1_85:1_86:1_87:1_88:1_89:1_90:1_91:1_92:1_93:1_94:1_95:1_96:1_97:1_98:1_99:1_100:1_101:0_102:0_103:0_104:0_105:0_106:0_107:0_108:0_109:0_110:0_111:0_112:0_113:0_114:0_115:0_116:0_117:0_118:0_119:0_120:0_121:0_122:0_123:0_124:0_125:0_126:0_127:0_128:0_129:0_130:0_131:0_132:0_133:0_134:0_135:0_136:0_137:0_138:0_139:0_140:0_141:0_142:0_143:0_144:0_145:0_146:0_147:0_148:0_149:0_150:0_151:0_152:0_153:0_154:0_155:0_156:0_157:0_158:0_159:0_160:0 | X53: 1:209_2:209_3:209_4:209_5:209_6:209_7:209_8:209_9:209_10:209_11:209_12:209_13:209_14:209_15:209_16:209_17:209_18:209_19:209_20:209_21:209_22:209_23:209_24:209_25:209_26:209_27:209_28:209_29:209_30:209_31:209_32:209_33:209_34:209_35:209_36:209_37:209_38:209_39:209_40:209_41:209_42:209_43:209_44:209_45:209_46:209_47:209_48:209_49:209_50:209_51:209_52:209_53:209_54:209_55:209_56:209_57:209_58:209_59:209_60:209_61:209_62:209_63:209_64:209_65:209_66:209_67:209_68:209_69:209_70:209_71:209_72:209_73:209_74:209_75:209_76:209_77:209_78:209_79:209_80:209_81:209_82:209_83:209_84:209_85:209_86:209_87:209_88:209_89:209_90:209_91:209_92:209_93:209_94:209_95:209_96:209_97:209_98:209_99:209_100:209_101:209_102:209_103:209_104:209_105:209_106:209_107:209_108:209_109:209_110:209_111:209_112:209_113:209_114:209_115:209_116:209_117:209_118:209_119:209_120:209_121:209_122:209_123:209_124:209_125:209_126:209_127:209_128:209_129:209_130:209_131:209_132:209_133:209_134:209_135:209_136:209_137:209_138:209_139:209_140:209_141:209_142:209_143:209_144:209_145:209_146:209_147:209_148:209_149:209_150:209_151:209_152:209_153:209_154:209_155:209_156:209_157:209_158:209_159:209_160:209 | Y53: 20030001 | Z53: 0 | AA53: 1 | AB53: 0:2500_50:5000_80:10000_125:15000_160:30000 | AC53: 10000 | AD53: 10000 | AE53: 25010001 | AF53: 40 | AG53: 0 | AH53: 0 | AI53: 0 | AJ53: 0
A54: 121108 | B54: 12 | C54: 小怪8 | D54: 野狼怪-绿 | E54: 未使用 | F54: 1000006 | G54: 12 | H54: 1 | I54: 0:0 | J54: 0 | K54: 甲壳狂徒 | L54: 1000006 | M54: 12 | N54: 100 | O54: 0 | P54: 15 | Q54: 0 | R54: 36 | S54: -3000 | T54: 1 | U54: 0 | V54: 1:1_2:1_3:1_4:1_5:1_6:1_7:1_8:1_9:1_10:1_11:1_12:1_13:1_14:1_15:1_16:1_17:1_18:1_19:1_20:1_21:1_22:1_23:1_24:1_25:1_26:1_27:1_28:1_29:1_30:1_31:1_32:1_33:1_34:1_35:1_36:1_37:1_38:1_39:1_40:1_41:1_42:1_43:1_44:1_45:1_46:1_47:1_48:1_49:1_50:1_51:1_52:1_53:1_54:1_55:1_56:1_57:1_58:1_59:1_60:1_61:1_62:1_63:1_64:1_65:1_66:1_67:1_68:1_69:1_70:1_71:1_72:1_73:1_74:1_75:1_76:1_77:1_78:1_79:1_80:1_81:1_82:1_83:1_84:1_85:1_86:1_87:1_88:1_89:1_90:1_91:1_92:1_93:1_94:1_95:1_96:1_97:1_98:1_99:1_100:1_101:1_102:1_103:1_104:1_105:1_106:1_107:1_108:1_109:1_110:1_111:1_112:1_113:1_114:1_115:1_116:1_117:1_118:1_119:1_120:1_121:1_122:1_123:1_124:1_125:1_126:1_127:1_128:1_129:1_130:1_131:1_132:1_133:1_134:1_135:1_136:1_137:1_138:1_139:1_140:1_141:1_142:1_143:1_144:1_145:1_146:1_147:1_148:1_149:1_150:1_151:1_152:1_153:1_154:1_155:1_156:1_157:1_158:1_159:1_160:1 | W54: 1:1_2:1_3:1_4:1_5:1_6:1_7:1_8:1_9:1_10:1_11:1_12:1_13:1_14:1_15:1_16:1_17:1_18:1_19:1_20:1_21:1_22:1_23:1_24:1_25:1_26:1_27:1_28:1_29:1_30:1_31:1_32:1_33:1_34:1_35:1_36:1_37:1_38:1_39:1_40:1_41:1_42:1_43:1_44:1_45:1_46:1_47:1_48:1_49:1_50:1_51:1_52:1_53:1_54:1_55:1_56:1_57:1_58:1_59:1_60:1_61:1_62:1_63:1_64:1_65:1_66:1_67:1_68:1_69:1_70:1_71:1_72:1_73:1_74:1_75:1_76:1_77:1_78:1_79:1_80:1_81:1_82:1_83:1_84:1_85:1_86:1_87:1_88:1_89:1_90:1_91:1_92:1_93:1_94:1_95:1_96:1_97:1_98:1_99:1_100:1_101:0_102:0_103:0_104:0_105:0_106:0_107:0_108:0_109:0_110:0_111:0_112:0_113:0_114:0_115:0_116:0_117:0_118:0_119:0_120:0_121:0_122:0_123:0_124:0_125:0_126:0_127:0_128:0_129:0_130:0_131:0_132:0_133:0_134:0_135:0_136:0_137:0_138:0_139:0_140:0_141:0_142:0_143:0_144:0_145:0_146:0_147:0_148:0_149:0_150:0_151:0_152:0_153:0_154:0_155:0_156:0_157:0_158:0_159:0_160:0 | X54: 1:209_2:209_3:209_4:209_5:209_6:209_7:209_8:209_9:209_10:209_11:209_12:209_13:209_14:209_15:209_16:209_17:209_18:209_19:209_20:209_21:209_22:209_23:209_24:209_25:209_26:209_27:209_28:209_29:209_30:209_31:209_32:209_33:209_34:209_35:209_36:209_37:209_38:209_39:209_40:209_41:209_42:209_43:209_44:209_45:209_46:209_47:209_48:209_49:209_50:209_51:209_52:209_53:209_54:209_55:209_56:209_57:209_58:209_59:209_60:209_61:209_62:209_63:209_64:209_65:209_66:209_67:209_68:209_69:209_70:209_71:209_72:209_73:209_74:209_75:209_76:209_77:209_78:209_79:209_80:209_81:209_82:209_83:209_84:209_85:209_86:209_87:209_88:209_89:209_90:209_91:209_92:209_93:209_94:209_95:209_96:209_97:209_98:209_99:209_100:209_101:209_102:209_103:209_104:209_105:209_106:209_107:209_108:209_109:209_110:209_111:209_112:209_113:209_114:209_115:209_116:209_117:209_118:209_119:209_120:209_121:209_122:209_123:209_124:209_125:209_126:209_127:209_128:209_129:209_130:209_131:209_132:209_133:209_134:209_135:209_136:209_137:209_138:209_139:209_140:209_141:209_142:209_143:209_144:209_145:209_146:209_147:209_148:209_149:209_150:209_151:209_152:209_153:209_154:209_155:209_156:209_157:209_158:209_159:209_160:209 | Y54: 20030001 | Z54: 0 | AA54: 1 | AB54: 0:2500_50:5000_80:10000_125:15000_160:30000 | AC54: 10000 | AD54: 10000 | AE54: 25010001 | AF54: 40 | AG54: 0 | AH54: 0 | AI54: 0 | AJ54: 0
A55: 121109 | B55: 12 | C55: 小怪9 | D55: 野狼怪-蓝 | E55: 未使用 | F55: 1000006 | G55: 12 | H55: 1 | I55: 0:0 | J55: 0 | K55: 甲壳狂徒 | L55: 1000006 | M55: 12 | N55: 100 | O55: 0 | P55: 15 | Q55: 0 | R55: 36 | S55: -3000 | T55: 1 | U55: 0 | V55: 1:1_2:1_3:1_4:1_5:1_6:1_7:1_8:1_9:1_10:1_11:1_12:1_13:1_14:1_15:1_16:1_17:1_18:1_19:1_20:1_21:1_22:1_23:1_24:1_25:1_26:1_27:1_28:1_29:1_30:1_31:1_32:1_33:1_34:1_35:1_36:1_37:1_38:1_39:1_40:1_41:1_42:1_43:1_44:1_45:1_46:1_47:1_48:1_49:1_50:1_51:1_52:1_53:1_54:1_55:1_56:1_57:1_58:1_59:1_60:1_61:1_62:1_63:1_64:1_65:1_66:1_67:1_68:1_69:1_70:1_71:1_72:1_73:1_74:1_75:1_76:1_77:1_78:1_79:1_80:1_81:1_82:1_83:1_84:1_85:1_86:1_87:1_88:1_89:1_90:1_91:1_92:1_93:1_94:1_95:1_96:1_97:1_98:1_99:1_100:1_101:1_102:1_103:1_104:1_105:1_106:1_107:1_108:1_109:1_110:1_111:1_112:1_113:1_114:1_115:1_116:1_117:1_118:1_119:1_120:1_121:1_122:1_123:1_124:1_125:1_126:1_127:1_128:1_129:1_130:1_131:1_132:1_133:1_134:1_135:1_136:1_137:1_138:1_139:1_140:1_141:1_142:1_143:1_144:1_145:1_146:1_147:1_148:1_149:1_150:1_151:1_152:1_153:1_154:1_155:1_156:1_157:1_158:1_159:1_160:1 | W55: 1:1_2:1_3:1_4:1_5:1_6:1_7:1_8:1_9:1_10:1_11:1_12:1_13:1_14:1_15:1_16:1_17:1_18:1_19:1_20:1_21:1_22:1_23:1_24:1_25:1_26:1_27:1_28:1_29:1_30:1_31:1_32:1_33:1_34:1_35:1_36:1_37:1_38:1_39:1_40:1_41:1_42:1_43:1_44:1_45:1_46:1_47:1_48:1_49:1_50:1_51:1_52:1_53:1_54:1_55:1_56:1_57:1_58:1_59:1_60:1_61:1_62:1_63:1_64:1_65:1_66:1_67:1_68:1_69:1_70:1_71:1_72:1_73:1_74:1_75:1_76:1_77:1_78:1_79:1_80:1_81:1_82:1_83:1_84:1_85:1_86:1_87:1_88:1_89:1_90:1_91:1_92:1_93:1_94:1_95:1_96:1_97:1_98:1_99:1_100:1_101:0_102:0_103:0_104:0_105:0_106:0_107:0_108:0_109:0_110:0_111:0_112:0_113:0_114:0_115:0_116:0_117:0_118:0_119:0_120:0_121:0_122:0_123:0_124:0_125:0_126:0_127:0_128:0_129:0_130:0_131:0_132:0_133:0_134:0_135:0_136:0_137:0_138:0_139:0_140:0_141:0_142:0_143:0_144:0_145:0_146:0_147:0_148:0_149:0_150:0_151:0_152:0_153:0_154:0_155:0_156:0_157:0_158:0_159:0_160:0 | X55: 1:209_2:209_3:209_4:209_5:209_6:209_7:209_8:209_9:209_10:209_11:209_12:209_13:209_14:209_15:209_16:209_17:209_18:209_19:209_20:209_21:209_22:209_23:209_24:209_25:209_26:209_27:209_28:209_29:209_30:209_31:209_32:209_33:209_34:209_35:209_36:209_37:209_38:209_39:209_40:209_41:209_42:209_43:209_44:209_45:209_46:209_47:209_48:209_49:209_50:209_51:209_52:209_53:209_54:209_55:209_56:209_57:209_58:209_59:209_60:209_61:209_62:209_63:209_64:209_65:209_66:209_67:209_68:209_69:209_70:209_71:209_72:209_73:209_74:209_75:209_76:209_77:209_78:209_79:209_80:209_81:209_82:209_83:209_84:209_85:209_86:209_87:209_88:209_89:209_90:209_91:209_92:209_93:209_94:209_95:209_96:209_97:209_98:209_99:209_100:209_101:209_102:209_103:209_104:209_105:209_106:209_107:209_108:209_109:209_110:209_111:209_112:209_113:209_114:209_115:209_116:209_117:209_118:209_119:209_120:209_121:209_122:209_123:209_124:209_125:209_126:209_127:209_128:209_129:209_130:209_131:209_132:209_133:209_134:209_135:209_136:209_137:209_138:209_139:209_140:209_141:209_142:209_143:209_144:209_145:209_146:209_147:209_148:209_149:209_150:209_151:209_152:209_153:209_154:209_155:209_156:209_157:209_158:209_159:209_160:209 | Y55: 20030001 | Z55: 0 | AA55: 1 | AB55: 0:2500_50:5000_80:10000_125:15000_160:30000 | AC55: 10000 | AD55: 10000 | AE55: 25010001 | AF55: 40 | AG55: 0 | AH55: 0 | AI55: 0 | AJ55: 0
A56: 121110 | B56: 12 | C56: 小怪10 | D56: 青蛙怪-红 | E56: 未使用 | F56: 1000103 | G56: 12 | H56: 1 | I56: 0:0 | J56: 0 | K56: 长矛蛙兵 | L56: 1000103 | M56: 12 | N56: 100 | O56: 0 | P56: 15 | Q56: 0 | R56: 36 | S56: -3000 | T56: 1 | U56: 0 | V56: 1:1_2:1_3:1_4:1_5:1_6:1_7:1_8:1_9:1_10:1_11:1_12:1_13:1_14:1_15:1_16:1_17:1_18:1_19:1_20:1_21:1_22:1_23:1_24:1_25:1_26:1_27:1_28:1_29:1_30:1_31:1_32:1_33:1_34:1_35:1_36:1_37:1_38:1_39:1_40:1_41:1_42:1_43:1_44:1_45:1_46:1_47:1_48:1_49:1_50:1_51:1_52:1_53:1_54:1_55:1_56:1_57:1_58:1_59:1_60:1_61:1_62:1_63:1_64:1_65:1_66:1_67:1_68:1_69:1_70:1_71:1_72:1_73:1_74:1_75:1_76:1_77:1_78:1_79:1_80:1_81:1_82:1_83:1_84:1_85:1_86:1_87:1_88:1_89:1_90:1_91:1_92:1_93:1_94:1_95:1_96:1_97:1_98:1_99:1_100:1_101:1_102:1_103:1_104:1_105:1_106:1_107:1_108:1_109:1_110:1_111:1_112:1_113:1_114:1_115:1_116:1_117:1_118:1_119:1_120:1_121:1_122:1_123:1_124:1_125:1_126:1_127:1_128:1_129:1_130:1_131:1_132:1_133:1_134:1_135:1_136:1_137:1_138:1_139:1_140:1_141:1_142:1_143:1_144:1_145:1_146:1_147:1_148:1_149:1_150:1_151:1_152:1_153:1_154:1_155:1_156:1_157:1_158:1_159:1_160:1 | W56: 1:1_2:1_3:1_4:1_5:1_6:1_7:1_8:1_9:1_10:1_11:1_12:1_13:1_14:1_15:1_16:1_17:1_18:1_19:1_20:1_21:1_22:1_23:1_24:1_25:1_26:1_27:1_28:1_29:1_30:1_31:1_32:1_33:1_34:1_35:1_36:1_37:1_38:1_39:1_40:1_41:1_42:1_43:1_44:1_45:1_46:1_47:1_48:1_49:1_50:1_51:1_52:1_53:1_54:1_55:1_56:1_57:1_58:1_59:1_60:1_61:1_62:1_63:1_64:1_65:1_66:1_67:1_68:1_69:1_70:1_71:1_72:1_73:1_74:1_75:1_76:1_77:1_78:1_79:1_80:1_81:1_82:1_83:1_84:1_85:1_86:1_87:1_88:1_89:1_90:1_91:1_92:1_93:1_94:1_95:1_96:1_97:1_98:1_99:1_100:1_101:0_102:0_103:0_104:0_105:0_106:0_107:0_108:0_109:0_110:0_111:0_112:0_113:0_114:0_115:0_116:0_117:0_118:0_119:0_120:0_121:0_122:0_123:0_124:0_125:0_126:0_127:0_128:0_129:0_130:0_131:0_132:0_133:0_134:0_135:0_136:0_137:0_138:0_139:0_140:0_141:0_142:0_143:0_144:0_145:0_146:0_147:0_148:0_149:0_150:0_151:0_152:0_153:0_154:0_155:0_156:0_157:0_158:0_159:0_160:0 | X56: 1:209_2:209_3:209_4:209_5:209_6:209_7:209_8:209_9:209_10:209_11:209_12:209_13:209_14:209_15:209_16:209_17:209_18:209_19:209_20:209_21:209_22:209_23:209_24:209_25:209_26:209_27:209_28:209_29:209_30:209_31:209_32:209_33:209_34:209_35:209_36:209_37:209_38:209_39:209_40:209_41:209_42:209_43:209_44:209_45:209_46:209_47:209_48:209_49:209_50:209_51:209_52:209_53:209_54:209_55:209_56:209_57:209_58:209_59:209_60:209_61:209_62:209_63:209_64:209_65:209_66:209_67:209_68:209_69:209_70:209_71:209_72:209_73:209_74:209_75:209_76:209_77:209_78:209_79:209_80:209_81:209_82:209_83:209_84:209_85:209_86:209_87:209_88:209_89:209_90:209_91:209_92:209_93:209_94:209_95:209_96:209_97:209_98:209_99:209_100:209_101:209_102:209_103:209_104:209_105:209_106:209_107:209_108:209_109:209_110:209_111:209_112:209_113:209_114:209_115:209_116:209_117:209_118:209_119:209_120:209_121:209_122:209_123:209_124:209_125:209_126:209_127:209_128:209_129:209_130:209_131:209_132:209_133:209_134:209_135:209_136:209_137:209_138:209_139:209_140:209_141:209_142:209_143:209_144:209_145:209_146:209_147:209_148:209_149:209_150:209_151:209_152:209_153:209_154:209_155:209_156:209_157:209_158:209_159:209_160:209 | Y56: 20020001 | Z56: 0 | AA56: 1 | AB56: 0:2500_50:5000_80:10000_125:15000_160:30000 | AC56: 10000 | AD56: 10000 | AE56: 25010001 | AF56: 40 | AG56: 0 | AH56: 0 | AI56: 0 | AJ56: 0
A57: 121111 | B57: 12 | C57: 小怪11 | D57: 青蛙怪-绿 | E57: 未使用 | F57: 1000103 | G57: 12 | H57: 1 | I57: 0:0 | J57: 0 | K57: 长矛蛙兵 | L57: 1000103 | M57: 12 | N57: 100 | O57: 0 | P57: 15 | Q57: 0 | R57: 36 | S57: -3000 | T57: 1 | U57: 0 | V57: 1:1_2:1_3:1_4:1_5:1_6:1_7:1_8:1_9:1_10:1_11:1_12:1_13:1_14:1_15:1_16:1_17:1_18:1_19:1_20:1_21:1_22:1_23:1_24:1_25:1_26:1_27:1_28:1_29:1_30:1_31:1_32:1_33:1_34:1_35:1_36:1_37:1_38:1_39:1_40:1_41:1_42:1_43:1_44:1_45:1_46:1_47:1_48:1_49:1_50:1_51:1_52:1_53:1_54:1_55:1_56:1_57:1_58:1_59:1_60:1_61:1_62:1_63:1_64:1_65:1_66:1_67:1_68:1_69:1_70:1_71:1_72:1_73:1_74:1_75:1_76:1_77:1_78:1_79:1_80:1_81:1_82:1_83:1_84:1_85:1_86:1_87:1_88:1_89:1_90:1_91:1_92:1_93:1_94:1_95:1_96:1_97:1_98:1_99:1_100:1_101:1_102:1_103:1_104:1_105:1_106:1_107:1_108:1_109:1_110:1_111:1_112:1_113:1_114:1_115:1_116:1_117:1_118:1_119:1_120:1_121:1_122:1_123:1_124:1_125:1_126:1_127:1_128:1_129:1_130:1_131:1_132:1_133:1_134:1_135:1_136:1_137:1_138:1_139:1_140:1_141:1_142:1_143:1_144:1_145:1_146:1_147:1_148:1_149:1_150:1_151:1_152:1_153:1_154:1_155:1_156:1_157:1_158:1_159:1_160:1 | W57: 1:1_2:1_3:1_4:1_5:1_6:1_7:1_8:1_9:1_10:1_11:1_12:1_13:1_14:1_15:1_16:1_17:1_18:1_19:1_20:1_21:1_22:1_23:1_24:1_25:1_26:1_27:1_28:1_29:1_30:1_31:1_32:1_33:1_34:1_35:1_36:1_37:1_38:1_39:1_40:1_41:1_42:1_43:1_44:1_45:1_46:1_47:1_48:1_49:1_50:1_51:1_52:1_53:1_54:1_55:1_56:1_57:1_58:1_59:1_60:1_61:1_62:1_63:1_64:1_65:1_66:1_67:1_68:1_69:1_70:1_71:1_72:1_73:1_74:1_75:1_76:1_77:1_78:1_79:1_80:1_81:1_82:1_83:1_84:1_85:1_86:1_87:1_88:1_89:1_90:1_91:1_92:1_93:1_94:1_95:1_96:1_97:1_98:1_99:1_100:1_101:0_102:0_103:0_104:0_105:0_106:0_107:0_108:0_109:0_110:0_111:0_112:0_113:0_114:0_115:0_116:0_117:0_118:0_119:0_120:0_121:0_122:0_123:0_124:0_125:0_126:0_127:0_128:0_129:0_130:0_131:0_132:0_133:0_134:0_135:0_136:0_137:0_138:0_139:0_140:0_141:0_142:0_143:0_144:0_145:0_146:0_147:0_148:0_149:0_150:0_151:0_152:0_153:0_154:0_155:0_156:0_157:0_158:0_159:0_160:0 | X57: 1:209_2:209_3:209_4:209_5:209_6:209_7:209_8:209_9:209_10:209_11:209_12:209_13:209_14:209_15:209_16:209_17:209_18:209_19:209_20:209_21:209_22:209_23:209_24:209_25:209_26:209_27:209_28:209_29:209_30:209_31:209_32:209_33:209_34:209_35:209_36:209_37:209_38:209_39:209_40:209_41:209_42:209_43:209_44:209_45:209_46:209_47:209_48:209_49:209_50:209_51:209_52:209_53:209_54:209_55:209_56:209_57:209_58:209_59:209_60:209_61:209_62:209_63:209_64:209_65:209_66:209_67:209_68:209_69:209_70:209_71:209_72:209_73:209_74:209_75:209_76:209_77:209_78:209_79:209_80:209_81:209_82:209_83:209_84:209_85:209_86:209_87:209_88:209_89:209_90:209_91:209_92:209_93:209_94:209_95:209_96:209_97:209_98:209_99:209_100:209_101:209_102:209_103:209_104:209_105:209_106:209_107:209_108:209_109:209_110:209_111:209_112:209_113:209_114:209_115:209_116:209_117:209_118:209_119:209_120:209_121:209_122:209_123:209_124:209_125:209_126:209_127:209_128:209_129:209_130:209_131:209_132:209_133:209_134:209_135:209_136:209_137:209_138:209_139:209_140:209_141:209_142:209_143:209_144:209_145:209_146:209_147:209_148:209_149:209_150:209_151:209_152:209_153:209_154:209_155:209_156:209_157:209_158:209_159:209_160:209 | Y57: 20020001 | Z57: 0 | AA57: 1 | AB57: 0:2500_50:5000_80:10000_125:15000_160:30000 | AC57: 10000 | AD57: 10000 | AE57: 25010001 | AF57: 40 | AG57: 0 | AH57: 0 | AI57: 0 | AJ57: 0
A58: 121112 | B58: 12 | C58: 小怪12 | D58: 青蛙怪-黄 | E58: 未使用 | F58: 1000103 | G58: 12 | H58: 1 | I58: 0:0 | J58: 0 | K58: 长矛蛙兵 | L58: 1000103 | M58: 12 | N58: 100 | O58: 0 | P58: 15 | Q58: 0 | R58: 36 | S58: -3000 | T58: 1 | U58: 0 | V58: 1:1_2:1_3:1_4:1_5:1_6:1_7:1_8:1_9:1_10:1_11:1_12:1_13:1_14:1_15:1_16:1_17:1_18:1_19:1_20:1_21:1_22:1_23:1_24:1_25:1_26:1_27:1_28:1_29:1_30:1_31:1_32:1_33:1_34:1_35:1_36:1_37:1_38:1_39:1_40:1_41:1_42:1_43:1_44:1_45:1_46:1_47:1_48:1_49:1_50:1_51:1_52:1_53:1_54:1_55:1_56:1_57:1_58:1_59:1_60:1_61:1_62:1_63:1_64:1_65:1_66:1_67:1_68:1_69:1_70:1_71:1_72:1_73:1_74:1_75:1_76:1_77:1_78:1_79:1_80:1_81:1_82:1_83:1_84:1_85:1_86:1_87:1_88:1_89:1_90:1_91:1_92:1_93:1_94:1_95:1_96:1_97:1_98:1_99:1_100:1_101:1_102:1_103:1_104:1_105:1_106:1_107:1_108:1_109:1_110:1_111:1_112:1_113:1_114:1_115:1_116:1_117:1_118:1_119:1_120:1_121:1_122:1_123:1_124:1_125:1_126:1_127:1_128:1_129:1_130:1_131:1_132:1_133:1_134:1_135:1_136:1_137:1_138:1_139:1_140:1_141:1_142:1_143:1_144:1_145:1_146:1_147:1_148:1_149:1_150:1_151:1_152:1_153:1_154:1_155:1_156:1_157:1_158:1_159:1_160:1 | W58: 1:1_2:1_3:1_4:1_5:1_6:1_7:1_8:1_9:1_10:1_11:1_12:1_13:1_14:1_15:1_16:1_17:1_18:1_19:1_20:1_21:1_22:1_23:1_24:1_25:1_26:1_27:1_28:1_29:1_30:1_31:1_32:1_33:1_34:1_35:1_36:1_37:1_38:1_39:1_40:1_41:1_42:1_43:1_44:1_45:1_46:1_47:1_48:1_49:1_50:1_51:1_52:1_53:1_54:1_55:1_56:1_57:1_58:1_59:1_60:1_61:1_62:1_63:1_64:1_65:1_66:1_67:1_68:1_69:1_70:1_71:1_72:1_73:1_74:1_75:1_76:1_77:1_78:1_79:1_80:1_81:1_82:1_83:1_84:1_85:1_86:1_87:1_88:1_89:1_90:1_91:1_92:1_93:1_94:1_95:1_96:1_97:1_98:1_99:1_100:1_101:0_102:0_103:0_104:0_105:0_106:0_107:0_108:0_109:0_110:0_111:0_112:0_113:0_114:0_115:0_116:0_117:0_118:0_119:0_120:0_121:0_122:0_123:0_124:0_125:0_126:0_127:0_128:0_129:0_130:0_131:0_132:0_133:0_134:0_135:0_136:0_137:0_138:0_139:0_140:0_141:0_142:0_143:0_144:0_145:0_146:0_147:0_148:0_149:0_150:0_151:0_152:0_153:0_154:0_155:0_156:0_157:0_158:0_159:0_160:0 | X58: 1:209_2:209_3:209_4:209_5:209_6:209_7:209_8:209_9:209_10:209_11:209_12:209_13:209_14:209_15:209_16:209_17:209_18:209_19:209_20:209_21:209_22:209_23:209_24:209_25:209_26:209_27:209_28:209_29:209_30:209_31:209_32:209_33:209_34:209_35:209_36:209_37:209_38:209_39:209_40:209_41:209_42:209_43:209_44:209_45:209_46:209_47:209_48:209_49:209_50:209_51:209_52:209_53:209_54:209_55:209_56:209_57:209_58:209_59:209_60:209_61:209_62:209_63:209_64:209_65:209_66:209_67:209_68:209_69:209_70:209_71:209_72:209_73:209_74:209_75:209_76:209_77:209_78:209_79:209_80:209_81:209_82:209_83:209_84:209_85:209_86:209_87:209_88:209_89:209_90:209_91:209_92:209_93:209_94:209_95:209_96:209_97:209_98:209_99:209_100:209_101:209_102:209_103:209_104:209_105:209_106:209_107:209_108:209_109:209_110:209_111:209_112:209_113:209_114:209_115:209_116:209_117:209_118:209_119:209_120:209_121:209_122:209_123:209_124:209_125:209_126:209_127:209_128:209_129:209_130:209_131:209_132:209_133:209_134:209_135:209_136:209_137:209_138:209_139:209_140:209_141:209_142:209_143:209_144:209_145:209_146:209_147:209_148:209_149:209_150:209_151:209_152:209_153:209_154:209_155:209_156:209_157:209_158:209_159:209_160:209 | Y58: 20020001 | Z58: 0 | AA58: 1 | AB58: 0:2500_50:5000_80:10000_125:15000_160:30000 | AC58: 10000 | AD58: 10000 | AE58: 25010001 | AF58: 40 | AG58: 0 | AH58: 0 | AI58: 0 | AJ58: 0
... A61: 121115 | B61: 12 | C61: 小怪15 | D61: 蜥蜴怪-蓝 | E61: 未使用 | F61: 1000011 | G61: 12 | H61: 1 | I61: 0:0 | J61: 0 | K61: 寄居炮蟹 | L61: 1000011 | M61: 12 | N61: 100 | O61: 0 | P61: 15 | Q61: 0 | R61: 36 | S61: -3000 | T61: 1 | U61: 0 | V61: 1:1_2:1_3:1_4:1_5:1_6:1_7:1_8:1_9:1_10:1_11:1_12:1_13:1_14:1_15:1_16:1_17:1_18:1_19:1_20:1_21:1_22:1_23:1_24:1_25:1_26:1_27:1_28:1_29:1_30:1_31:1_32:1_33:1_34:1_35:1_36:1_37:1_38:1_39:1_40:1_41:1_42:1_43:1_44:1_45:1_46:1_47:1_48:1_49:1_50:1_51:1_52:1_53:1_54:1_55:1_56:1_57:1_58:1_59:1_60:1_61:1_62:1_63:1_64:1_65:1_66:1_67:1_68:1_69:1_70:1_71:1_72:1_73:1_74:1_75:1_76:1_77:1_78:1_79:1_80:1_81:1_82:1_83:1_84:1_85:1_86:1_87:1_88:1_89:1_90:1_91:1_92:1_93:1_94:1_95:1_96:1_97:1_98:1_99:1_100:1_101:1_102:1_103:1_104:1_105:1_106:1_107:1_108:1_109:1_110:1_111:1_112:1_113:1_114:1_115:1_116:1_117:1_118:1_119:1_120:1_121:1_122:1_123:1_124:1_125:1_126:1_127:1_128:1_129:1_130:1_131:1_132:1_133:1_134:1_135:1_136:1_137:1_138:1_139:1_140:1_141:1_142:1_143:1_144:1_145:1_146:1_147:1_148:1_149:1_150:1_151:1_152:1_153:1_154:1_155:1_156:1_157:1_158:1_159:1_160:1 | W61: 1:1_2:1_3:1_4:1_5:1_6:1_7:1_8:1_9:1_10:1_11:1_12:1_13:1_14:1_15:1_16:1_17:1_18:1_19:1_20:1_21:1_22:1_23:1_24:1_25:1_26:1_27:1_28:1_29:1_30:1_31:1_32:1_33:1_34:1_35:1_36:1_37:1_38:1_39:1_40:1_41:1_42:1_43:1_44:1_45:1_46:1_47:1_48:1_49:1_50:1_51:1_52:1_53:1_54:1_55:1_56:1_57:1_58:1_59:1_60:1_61:1_62:1_63:1_64:1_65:1_66:1_67:1_68:1_69:1_70:1_71:1_72:1_73:1_74:1_75:1_76:1_77:1_78:1_79:1_80:1_81:1_82:1_83:1_84:1_85:1_86:1_87:1_88:1_89:1_90:1_91:1_92:1_93:1_94:1_95:1_96:1_97:1_98:1_99:1_100:1_101:0_102:0_103:0_104:0_105:0_106:0_107:0_108:0_109:0_110:0_111:0_112:0_113:0_114:0_115:0_116:0_117:0_118:0_119:0_120:0_121:0_122:0_123:0_124:0_125:0_126:0_127:0_128:0_129:0_130:0_131:0_132:0_133:0_134:0_135:0_136:0_137:0_138:0_139:0_140:0_141:0_142:0_143:0_144:0_145:0_146:0_147:0_148:0_149:0_150:0_151:0_152:0_153:0_154:0_155:0_156:0_157:0_158:0_159:0_160:0 | X61: 1:209_2:209_3:209_4:209_5:209_6:209_7:209_8:209_9:209_10:209_11:209_12:209_13:209_14:209_15:209_16:209_17:209_18:209_19:209_20:209_21:209_22:209_23:209_24:209_25:209_26:209_27:209_28:209_29:209_30:209_31:209_32:209_33:209_34:209_35:209_36:209_37:209_38:209_39:209_40:209_41:209_42:209_43:209_44:209_45:209_46:209_47:209_48:209_49:209_50:209_51:209_52:209_53:209_54:209_55:209_56:209_57:209_58:209_59:209_60:209_61:209_62:209_63:209_64:209_65:209_66:209_67:209_68:209_69:209_70:209_71:209_72:209_73:209_74:209_75:209_76:209_77:209_78:209_79:209_80:209_81:209_82:209_83:209_84:209_85:209_86:209_87:209_88:209_89:209_90:209_91:209_92:209_93:209_94:209_95:209_96:209_97:209_98:209_99:209_100:209_101:209_102:209_103:209_104:209_105:209_106:209_107:209_108:209_109:209_110:209_111:209_112:209_113:209_114:209_115:209_116:209_117:209_118:209_119:209_120:209_121:209_122:209_123:209_124:209_125:209_126:209_127:209_128:209_129:209_130:209_131:209_132:209_133:209_134:209_135:209_136:209_137:209_138:209_139:209_140:209_141:209_142:209_143:209_144:209_145:209_146:209_147:209_148:209_149:209_150:209_151:209_152:209_153:209_154:209_155:209_156:209_157:209_158:209_159:209_160:209 | Y61: 20050001 | Z61: 0 | AA61: 1 | AB61: 0:2500_50:5000_80:10000_125:15000_160:30000 | AC61: 10000 | AD61: 10000 | AE61: 0 | AF61: 40 | AG61: 0 | AH61: 0 | AI61: 0 | AJ61: 0
A62: 999001 | B62: 1 | C62: 测试怪远程 | E62: 未使用 | F62: 1000010 | G62: 1 | H62: 1 | I62: 0:0 | J62: 0 | K62: 弓箭骷髅等级4 | L62: 800001041 | M62: 1 | N62: 100 | O62: 0 | P62: 5 | Q62: 0 | R62: 10000 | S62: -3000 | T62: 1 | U62: 100 | V62: 1:1_2:1_3:1_4:1_5:1_6:1_7:1_8:1_9:1_10:1_11:1_12:1_13:1_14:1_15:1_16:1_17:1_18:1_19:1_20:1_21:1_22:1_23:1_24:1_25:1_26:1_27:1_28:1_29:1_30:1_31:1_32:1_33:1_34:1_35:1_36:1_37:1_38:1_39:1_40:1_41:1_42:1_43:1_44:1_45:1_46:1_47:1_48:1_49:1_50:1_51:1_52:1_53:1_54:1_55:1_56:1_57:1_58:1_59:1_60:1_61:1_62:1_63:1_64:1_65:1_66:1_67:1_68:1_69:1_70:1_71:1_72:1_73:1_74:1_75:1_76:1_77:1_78:1_79:1_80:1_81:1_82:1_83:1_84:1_85:1_86:1_87:1_88:1_89:1_90:1_91:1_92:1_93:1_94:1_95:1_96:1_97:1_98:1_99:1_100:1_101:1_102:1_103:1_104:1_105:1_106:1_107:1_108:1_109:1_110:1_111:1_112:1_113:1_114:1_115:1_116:1_117:1_118:1_119:1_120:1_121:1_122:1_123:1_124:1_125:1_126:1_127:1_128:1_129:1_130:1_131:1_132:1_133:1_134:1_135:1_136:1_137:1_138:1_139:1_140:1_141:1_142:1_143:1_144:1_145:1_146:1_147:1_148:1_149:1_150:1_151:1_152:1_153:1_154:1_155:1_156:1_157:1_158:1_159:1_160:1 | W62: 1:1_2:1_3:1_4:1_5:1_6:1_7:1_8:1_9:1_10:1_11:1_12:1_13:1_14:1_15:1_16:1_17:1_18:1_19:1_20:1_21:1_22:1_23:1_24:1_25:1_26:1_27:1_28:1_29:1_30:1_31:1_32:1_33:1_34:1_35:1_36:1_37:1_38:1_39:1_40:1_41:1_42:1_43:1_44:1_45:1_46:1_47:1_48:1_49:1_50:1_51:1_52:1_53:1_54:1_55:1_56:1_57:1_58:1_59:1_60:1_61:1_62:1_63:1_64:1_65:1_66:1_67:1_68:1_69:1_70:1_71:1_72:1_73:1_74:1_75:1_76:1_77:1_78:1_79:1_80:1_81:1_82:1_83:1_84:1_85:1_86:1_87:1_88:1_89:1_90:1_91:1_92:1_93:1_94:1_95:1_96:1_97:1_98:1_99:1_100:1_101:0_102:0_103:0_104:0_105:0_106:0_107:0_108:0_109:0_110:0_111:0_112:0_113:0_114:0_115:0_116:0_117:0_118:0_119:0_120:0_121:0_122:0_123:0_124:0_125:0_126:0_127:0_128:0_129:0_130:0_131:0_132:0_133:0_134:0_135:0_136:0_137:0_138:0_139:0_140:0_141:0_142:0_143:0_144:0_145:0_146:0_147:0_148:0_149:0_150:0_151:0_152:0_153:0_154:0_155:0_156:0_157:0_158:0_159:0_160:0 | X62: 1:1087_2:1087_3:1087_4:1087_5:1087_6:1087_7:1087_8:1087_9:1087_10:1087_11:1087_12:1087_13:1087_14:1087_15:1087_16:1087_17:1087_18:1087_19:1087_20:1087_21:1087_22:1087_23:1087_24:1087_25:1087_26:1087_27:1087_28:1087_29:1087_30:1087_31:1087_32:1087_33:1087_34:1087_35:1087_36:1087_37:1087_38:1087_39:1087_40:1087_41:1087_42:1087_43:1087_44:1087_45:1087_46:1087_47:1087_48:1087_49:1087_50:1087_51:1087_52:1087_53:1087_54:1087_55:1087_56:1087_57:1087_58:1087_59:1087_60:1087_61:1087_62:1087_63:1087_64:1087_65:1087_66:1087_67:1087_68:1087_69:1087_70:1087_71:1087_72:1087_73:1087_74:1087_75:1087_76:1087_77:1087_78:1087_79:1087_80:1087_81:1087_82:1087_83:1087_84:1087_85:1087_86:1087_87:1087_88:1087_89:1087_90:1087_91:1087_92:1087_93:1087_94:1087_95:1087_96:1087_97:1087_98:1087_99:1087_100:1087_101:1087_102:1087_103:1087_104:1087_105:1087_106:1087_107:1087_108:1087_109:1087_110:1087_111:1087_112:1087_113:1087_114:1087_115:1087_116:1087_117:1087_118:1087_119:1087_120:1087_121:1087_122:1087_123:1087_124:1087_125:1087_126:1087_127:1087_128:1087_129:1087_130:1087_131:1087_132:1087_133:1087_134:1087_135:1087_136:1087_137:1087_138:1087_139:1087_140:1087_141:1087_142:1087_143:1087_144:1087_145:1087_146:1087_147:1087_148:1087_149:1087_150:1087_151:1087_152:1087_153:1087_154:1087_155:1087_156:1087_157:1087_158:1087_159:1087_160:1087 | Y62: 201004011 | Z62: 0 | AA62: 1 | AB62: 0:2500_50:5000_80:10000_125:15000_160:30000 | AC62: 10000 | AD62: 10000 | AE62: 0 | AF62: 40 | AG62: 3000 | AH62: 6000 | AI62: 0 | AJ62: 0
A63: 999002 | B63: 1 | C63: 测试怪近战 | E63: 未使用 | F63: 1000102 | G63: 1 | H63: 1 | I63: 0:0 | J63: 0 | K63: 骷髅等级2 | L63: 800001021 | M63: 1 | N63: 100 | O63: 0 | P63: 5 | Q63: 0 | R63: 10000 | S63: -3000 | T63: 1 | U63: 100 | V63: 1:1_2:1_3:1_4:1_5:1_6:1_7:1_8:1_9:1_10:1_11:1_12:1_13:1_14:1_15:1_16:1_17:1_18:1_19:1_20:1_21:1_22:1_23:1_24:1_25:1_26:1_27:1_28:1_29:1_30:1_31:1_32:1_33:1_34:1_35:1_36:1_37:1_38:1_39:1_40:1_41:1_42:1_43:1_44:1_45:1_46:1_47:1_48:1_49:1_50:1_51:1_52:1_53:1_54:1_55:1_56:1_57:1_58:1_59:1_60:1_61:1_62:1_63:1_64:1_65:1_66:1_67:1_68:1_69:1_70:1_71:1_72:1_73:1_74:1_75:1_76:1_77:1_78:1_79:1_80:1_81:1_82:1_83:1_84:1_85:1_86:1_87:1_88:1_89:1_90:1_91:1_92:1_93:1_94:1_95:1_96:1_97:1_98:1_99:1_100:1_101:1_102:1_103:1_104:1_105:1_106:1_107:1_108:1_109:1_110:1_111:1_112:1_113:1_114:1_115:1_116:1_117:1_118:1_119:1_120:1_121:1_122:1_123:1_124:1_125:1_126:1_127:1_128:1_129:1_130:1_131:1_132:1_133:1_134:1_135:1_136:1_137:1_138:1_139:1_140:1_141:1_142:1_143:1_144:1_145:1_146:1_147:1_148:1_149:1_150:1_151:1_152:1_153:1_154:1_155:1_156:1_157:1_158:1_159:1_160:1 | W63: 1:1_2:1_3:1_4:1_5:1_6:1_7:1_8:1_9:1_10:1_11:1_12:1_13:1_14:1_15:1_16:1_17:1_18:1_19:1_20:1_21:1_22:1_23:1_24:1_25:1_26:1_27:1_28:1_29:1_30:1_31:1_32:1_33:1_34:1_35:1_36:1_37:1_38:1_39:1_40:1_41:1_42:1_43:1_44:1_45:1_46:1_47:1_48:1_49:1_50:1_51:1_52:1_53:1_54:1_55:1_56:1_57:1_58:1_59:1_60:1_61:1_62:1_63:1_64:1_65:1_66:1_67:1_68:1_69:1_70:1_71:1_72:1_73:1_74:1_75:1_76:1_77:1_78:1_79:1_80:1_81:1_82:1_83:1_84:1_85:1_86:1_87:1_88:1_89:1_90:1_91:1_92:1_93:1_94:1_95:1_96:1_97:1_98:1_99:1_100:1_101:0_102:0_103:0_104:0_105:0_106:0_107:0_108:0_109:0_110:0_111:0_112:0_113:0_114:0_115:0_116:0_117:0_118:0_119:0_120:0_121:0_122:0_123:0_124:0_125:0_126:0_127:0_128:0_129:0_130:0_131:0_132:0_133:0_134:0_135:0_136:0_137:0_138:0_139:0_140:0_141:0_142:0_143:0_144:0_145:0_146:0_147:0_148:0_149:0_150:0_151:0_152:0_153:0_154:0_155:0_156:0_157:0_158:0_159:0_160:0 | X63: 1:1087_2:1087_3:1087_4:1087_5:1087_6:1087_7:1087_8:1087_9:1087_10:1087_11:1087_12:1087_13:1087_14:1087_15:1087_16:1087_17:1087_18:1087_19:1087_20:1087_21:1087_22:1087_23:1087_24:1087_25:1087_26:1087_27:1087_28:1087_29:1087_30:1087_31:1087_32:1087_33:1087_34:1087_35:1087_36:1087_37:1087_38:1087_39:1087_40:1087_41:1087_42:1087_43:1087_44:1087_45:1087_46:1087_47:1087_48:1087_49:1087_50:1087_51:1087_52:1087_53:1087_54:1087_55:1087_56:1087_57:1087_58:1087_59:1087_60:1087_61:1087_62:1087_63:1087_64:1087_65:1087_66:1087_67:1087_68:1087_69:1087_70:1087_71:1087_72:1087_73:1087_74:1087_75:1087_76:1087_77:1087_78:1087_79:1087_80:1087_81:1087_82:1087_83:1087_84:1087_85:1087_86:1087_87:1087_88:1087_89:1087_90:1087_91:1087_92:1087_93:1087_94:1087_95:1087_96:1087_97:1087_98:1087_99:1087_100:1087_101:1087_102:1087_103:1087_104:1087_105:1087_106:1087_107:1087_108:1087_109:1087_110:1087_111:1087_112:1087_113:1087_114:1087_115:1087_116:1087_117:1087_118:1087_119:1087_120:1087_121:1087_122:1087_123:1087_124:1087_125:1087_126:1087_127:1087_128:1087_129:1087_130:1087_131:1087_132:1087_133:1087_134:1087_135:1087_136:1087_137:1087_138:1087_139:1087_140:1087_141:1087_142:1087_143:1087_144:1087_145:1087_146:1087_147:1087_148:1087_149:1087_150:1087_151:1087_152:1087_153:1087_154:1087_155:1087_156:1087_157:1087_158:1087_159:1087_160:1087 | Y63: 201002011 | Z63: 0 | AA63: 1 | AB63: 0:2500_50:5000_80:10000_125:15000_160:30000 | AC63: 10000 | AD63: 10000 | AE63: 0 | AF63: 40 | AG63: 3000 | AH63: 6000 | AI63: 0 | AJ63: 0
A64: 999003 | B64: 1 | C64: 测试怪远程2 | E64: 未使用 | F64: 1000102 | G64: 1 | H64: 1 | I64: 0:0 | J64: 0 | K64: 弓箭骷髅等级4 | L64: 800001041 | M64: 1 | N64: 100 | O64: 0 | P64: 5 | Q64: 0 | R64: 10 | S64: -3000 | T64: 1 | U64: 100 | V64: 1:1_2:1_3:1_4:1_5:1_6:1_7:1_8:1_9:1_10:1_11:1_12:1_13:1_14:1_15:1_16:1_17:1_18:1_19:1_20:1_21:1_22:1_23:1_24:1_25:1_26:1_27:1_28:1_29:1_30:1_31:1_32:1_33:1_34:1_35:1_36:1_37:1_38:1_39:1_40:1_41:1_42:1_43:1_44:1_45:1_46:1_47:1_48:1_49:1_50:1_51:1_52:1_53:1_54:1_55:1_56:1_57:1_58:1_59:1_60:1_61:1_62:1_63:1_64:1_65:1_66:1_67:1_68:1_69:1_70:1_71:1_72:1_73:1_74:1_75:1_76:1_77:1_78:1_79:1_80:1_81:1_82:1_83:1_84:1_85:1_86:1_87:1_88:1_89:1_90:1_91:1_92:1_93:1_94:1_95:1_96:1_97:1_98:1_99:1_100:1_101:1_102:1_103:1_104:1_105:1_106:1_107:1_108:1_109:1_110:1_111:1_112:1_113:1_114:1_115:1_116:1_117:1_118:1_119:1_120:1_121:1_122:1_123:1_124:1_125:1_126:1_127:1_128:1_129:1_130:1_131:1_132:1_133:1_134:1_135:1_136:1_137:1_138:1_139:1_140:1_141:1_142:1_143:1_144:1_145:1_146:1_147:1_148:1_149:1_150:1_151:1_152:1_153:1_154:1_155:1_156:1_157:1_158:1_159:1_160:1 | W64: 1:1_2:1_3:1_4:1_5:1_6:1_7:1_8:1_9:1_10:1_11:1_12:1_13:1_14:1_15:1_16:1_17:1_18:1_19:1_20:1_21:1_22:1_23:1_24:1_25:1_26:1_27:1_28:1_29:1_30:1_31:1_32:1_33:1_34:1_35:1_36:1_37:1_38:1_39:1_40:1_41:1_42:1_43:1_44:1_45:1_46:1_47:1_48:1_49:1_50:1_51:1_52:1_53:1_54:1_55:1_56:1_57:1_58:1_59:1_60:1_61:1_62:1_63:1_64:1_65:1_66:1_67:1_68:1_69:1_70:1_71:1_72:1_73:1_74:1_75:1_76:1_77:1_78:1_79:1_80:1_81:1_82:1_83:1_84:1_85:1_86:1_87:1_88:1_89:1_90:1_91:1_92:1_93:1_94:1_95:1_96:1_97:1_98:1_99:1_100:1_101:0_102:0_103:0_104:0_105:0_106:0_107:0_108:0_109:0_110:0_111:0_112:0_113:0_114:0_115:0_116:0_117:0_118:0_119:0_120:0_121:0_122:0_123:0_124:0_125:0_126:0_127:0_128:0_129:0_130:0_131:0_132:0_133:0_134:0_135:0_136:0_137:0_138:0_139:0_140:0_141:0_142:0_143:0_144:0_145:0_146:0_147:0_148:0_149:0_150:0_151:0_152:0_153:0_154:0_155:0_156:0_157:0_158:0_159:0_160:0 | X64: 1:1087_2:1087_3:1087_4:1087_5:1087_6:1087_7:1087_8:1087_9:1087_10:1087_11:1087_12:1087_13:1087_14:1087_15:1087_16:1087_17:1087_18:1087_19:1087_20:1087_21:1087_22:1087_23:1087_24:1087_25:1087_26:1087_27:1087_28:1087_29:1087_30:1087_31:1087_32:1087_33:1087_34:1087_35:1087_36:1087_37:1087_38:1087_39:1087_40:1087_41:1087_42:1087_43:1087_44:1087_45:1087_46:1087_47:1087_48:1087_49:1087_50:1087_51:1087_52:1087_53:1087_54:1087_55:1087_56:1087_57:1087_58:1087_59:1087_60:1087_61:1087_62:1087_63:1087_64:1087_65:1087_66:1087_67:1087_68:1087_69:1087_70:1087_71:1087_72:1087_73:1087_74:1087_75:1087_76:1087_77:1087_78:1087_79:1087_80:1087_81:1087_82:1087_83:1087_84:1087_85:1087_86:1087_87:1087_88:1087_89:1087_90:1087_91:1087_92:1087_93:1087_94:1087_95:1087_96:1087_97:1087_98:1087_99:1087_100:1087_101:1087_102:1087_103:1087_104:1087_105:1087_106:1087_107:1087_108:1087_109:1087_110:1087_111:1087_112:1087_113:1087_114:1087_115:1087_116:1087_117:1087_118:1087_119:1087_120:1087_121:1087_122:1087_123:1087_124:1087_125:1087_126:1087_127:1087_128:1087_129:1087_130:1087_131:1087_132:1087_133:1087_134:1087_135:1087_136:1087_137:1087_138:1087_139:1087_140:1087_141:1087_142:1087_143:1087_144:1087_145:1087_146:1087_147:1087_148:1087_149:1087_150:1087_151:1087_152:1087_153:1087_154:1087_155:1087_156:1087_157:1087_158:1087_159:1087_160:1087 | Y64: 201002011 | Z64: 0 | AA64: 1 | AB64: 0:2500_50:5000_80:10000_125:15000_160:30000 | AC64: 10000 | AD64: 10000 | AE64: 0 | AF64: 40 | AG64: 3000 | AH64: 6000 | AI64: 0 | AJ64: 0
A65: 999004 | B65: 1 | C65: 测试怪近战2 | E65: 未使用 | F65: 1000102 | G65: 1 | H65: 1 | I65: 0:0 | J65: 0 | K65: 骷髅等级2 | L65: 800001021 | M65: 1 | N65: 100 | O65: 0 | P65: 5 | Q65: 0 | R65: 10 | S65: -3000 | T65: 1 | U65: 100 | V65: 1:1_2:1_3:1_4:1_5:1_6:1_7:1_8:1_9:1_10:1_11:1_12:1_13:1_14:1_15:1_16:1_17:1_18:1_19:1_20:1_21:1_22:1_23:1_24:1_25:1_26:1_27:1_28:1_29:1_30:1_31:1_32:1_33:1_34:1_35:1_36:1_37:1_38:1_39:1_40:1_41:1_42:1_43:1_44:1_45:1_46:1_47:1_48:1_49:1_50:1_51:1_52:1_53:1_54:1_55:1_56:1_57:1_58:1_59:1_60:1_61:1_62:1_63:1_64:1_65:1_66:1_67:1_68:1_69:1_70:1_71:1_72:1_73:1_74:1_75:1_76:1_77:1_78:1_79:1_80:1_81:1_82:1_83:1_84:1_85:1_86:1_87:1_88:1_89:1_90:1_91:1_92:1_93:1_94:1_95:1_96:1_97:1_98:1_99:1_100:1_101:1_102:1_103:1_104:1_105:1_106:1_107:1_108:1_109:1_110:1_111:1_112:1_113:1_114:1_115:1_116:1_117:1_118:1_119:1_120:1_121:1_122:1_123:1_124:1_125:1_126:1_127:1_128:1_129:1_130:1_131:1_132:1_133:1_134:1_135:1_136:1_137:1_138:1_139:1_140:1_141:1_142:1_143:1_144:1_145:1_146:1_147:1_148:1_149:1_150:1_151:1_152:1_153:1_154:1_155:1_156:1_157:1_158:1_159:1_160:1 | W65: 1:1_2:1_3:1_4:1_5:1_6:1_7:1_8:1_9:1_10:1_11:1_12:1_13:1_14:1_15:1_16:1_17:1_18:1_19:1_20:1_21:1_22:1_23:1_24:1_25:1_26:1_27:1_28:1_29:1_30:1_31:1_32:1_33:1_34:1_35:1_36:1_37:1_38:1_39:1_40:1_41:1_42:1_43:1_44:1_45:1_46:1_47:1_48:1_49:1_50:1_51:1_52:1_53:1_54:1_55:1_56:1_57:1_58:1_59:1_60:1_61:1_62:1_63:1_64:1_65:1_66:1_67:1_68:1_69:1_70:1_71:1_72:1_73:1_74:1_75:1_76:1_77:1_78:1_79:1_80:1_81:1_82:1_83:1_84:1_85:1_86:1_87:1_88:1_89:1_90:1_91:1_92:1_93:1_94:1_95:1_96:1_97:1_98:1_99:1_100:1_101:0_102:0_103:0_104:0_105:0_106:0_107:0_108:0_109:0_110:0_111:0_112:0_113:0_114:0_115:0_116:0_117:0_118:0_119:0_120:0_121:0_122:0_123:0_124:0_125:0_126:0_127:0_128:0_129:0_130:0_131:0_132:0_133:0_134:0_135:0_136:0_137:0_138:0_139:0_140:0_141:0_142:0_143:0_144:0_145:0_146:0_147:0_148:0_149:0_150:0_151:0_152:0_153:0_154:0_155:0_156:0_157:0_158:0_159:0_160:0 | X65: 1:1087_2:1087_3:1087_4:1087_5:1087_6:1087_7:1087_8:1087_9:1087_10:1087_11:1087_12:1087_13:1087_14:1087_15:1087_16:1087_17:1087_18:1087_19:1087_20:1087_21:1087_22:1087_23:1087_24:1087_25:1087_26:1087_27:1087_28:1087_29:1087_30:1087_31:1087_32:1087_33:1087_34:1087_35:1087_36:1087_37:1087_38:1087_39:1087_40:1087_41:1087_42:1087_43:1087_44:1087_45:1087_46:1087_47:1087_48:1087_49:1087_50:1087_51:1087_52:1087_53:1087_54:1087_55:1087_56:1087_57:1087_58:1087_59:1087_60:1087_61:1087_62:1087_63:1087_64:1087_65:1087_66:1087_67:1087_68:1087_69:1087_70:1087_71:1087_72:1087_73:1087_74:1087_75:1087_76:1087_77:1087_78:1087_79:1087_80:1087_81:1087_82:1087_83:1087_84:1087_85:1087_86:1087_87:1087_88:1087_89:1087_90:1087_91:1087_92:1087_93:1087_94:1087_95:1087_96:1087_97:1087_98:1087_99:1087_100:1087_101:1087_102:1087_103:1087_104:1087_105:1087_106:1087_107:1087_108:1087_109:1087_110:1087_111:1087_112:1087_113:1087_114:1087_115:1087_116:1087_117:1087_118:1087_119:1087_120:1087_121:1087_122:1087_123:1087_124:1087_125:1087_126:1087_127:1087_128:1087_129:1087_130:1087_131:1087_132:1087_133:1087_134:1087_135:1087_136:1087_137:1087_138:1087_139:1087_140:1087_141:1087_142:1087_143:1087_144:1087_145:1087_146:1087_147:1087_148:1087_149:1087_150:1087_151:1087_152:1087_153:1087_154:1087_155:1087_156:1087_157:1087_158:1087_159:1087_160:1087 | Y65: 201002011 | Z65: 0 | AA65: 1 | AB65: 0:2500_50:5000_80:10000_125:15000_160:30000 | AC65: 10000 | AD65: 10000 | AE65: 0 | AF65: 40 | AG65: 3000 | AH65: 6000 | AI65: 0 | AJ65: 0
A66: 9999001 | B66: 21 | C66: 测试怪1 | D66: 寄居蟹-红 | E66: 未使用 | F66: 1000102 | G66: 12 | H66: 1 | I66: 0 | J66: 0 | K66: 骷髅等级1 | L66: 800001011 | M66: 12 | N66: 70 | O66: 0 | P66: 7 | Q66: 0 | R66: 300 | S66: -3000 | T66: 1 | U66: 0 | V66: 1:1_2:1_3:1_4:1_5:1_6:1_7:1_8:1_9:1_10:1_11:1_12:1_13:1_14:1_15:1_16:1_17:1_18:1_19:1_20:1_21:1_22:1_23:1_24:1_25:1_26:1_27:1_28:1_29:1_30:1_31:1_32:1_33:1_34:1_35:1_36:1_37:1_38:1_39:1_40:1_41:1_42:1_43:1_44:1_45:1_46:1_47:1_48:1_49:1_50:1_51:1_52:1_53:1_54:1_55:1_56:1_57:1_58:1_59:1_60:1_61:1_62:1_63:1_64:1_65:1_66:1_67:1_68:1_69:1_70:1_71:1_72:1_73:1_74:1_75:1_76:1_77:1_78:1_79:1_80:1_81:1_82:1_83:1_84:1_85:1_86:1_87:1_88:1_89:1_90:1_91:1_92:1_93:1_94:1_95:1_96:1_97:1_98:1_99:1_100:1_101:1_102:1_103:1_104:1_105:1_106:1_107:1_108:1_109:1_110:1_111:1_112:1_113:1_114:1_115:1_116:1_117:1_118:1_119:1_120:1_121:1_122:1_123:1_124:1_125:1_126:1_127:1_128:1_129:1_130:1_131:1_132:1_133:1_134:1_135:1_136:1_137:1_138:1_139:1_140:1_141:1_142:1_143:1_144:1_145:1_146:1_147:1_148:1_149:1_150:1_151:1_152:1_153:1_154:1_155:1_156:1_157:1_158:1_159:1_160:1 | W66: 1:1_2:1_3:1_4:1_5:1_6:1_7:1_8:1_9:1_10:1_11:1_12:1_13:1_14:1_15:1_16:1_17:1_18:1_19:1_20:1_21:1_22:1_23:1_24:1_25:1_26:1_27:1_28:1_29:1_30:1_31:1_32:1_33:1_34:1_35:1_36:1_37:1_38:1_39:1_40:1_41:1_42:1_43:1_44:1_45:1_46:1_47:1_48:1_49:1_50:1_51:1_52:1_53:1_54:1_55:1_56:1_57:1_58:1_59:1_60:1_61:1_62:1_63:1_64:1_65:1_66:1_67:1_68:1_69:1_70:1_71:1_72:1_73:1_74:1_75:1_76:1_77:1_78:1_79:1_80:1_81:1_82:1_83:1_84:1_85:1_86:1_87:1_88:1_89:1_90:1_91:1_92:1_93:1_94:1_95:1_96:1_97:1_98:1_99:1_100:1_101:0_102:0_103:0_104:0_105:0_106:0_107:0_108:0_109:0_110:0_111:0_112:0_113:0_114:0_115:0_116:0_117:0_118:0_119:0_120:0_121:0_122:0_123:0_124:0_125:0_126:0_127:0_128:0_129:0_130:0_131:0_132:0_133:0_134:0_135:0_136:0_137:0_138:0_139:0_140:0_141:0_142:0_143:0_144:0_145:0_146:0_147:0_148:0_149:0_150:0_151:0_152:0_153:0_154:0_155:0_156:0_157:0_158:0_159:0_160:0 | X66: 1:9_2:9_3:9_4:9_5:9_6:9_7:9_8:9_9:9_10:9_11:9_12:9_13:9_14:9_15:9_16:9_17:9_18:9_19:9_20:9_21:9_22:9_23:9_24:9_25:9_26:9_27:9_28:9_29:9_30:9_31:9_32:9_33:9_34:9_35:9_36:9_37:9_38:9_39:9_40:9_41:9_42:9_43:9_44:9_45:9_46:9_47:9_48:9_49:9_50:9_51:9_52:9_53:9_54:9_55:9_56:9_57:9_58:9_59:9_60:9_61:9_62:9_63:9_64:9_65:9_66:9_67:9_68:9_69:9_70:9_71:9_72:9_73:9_74:9_75:9_76:9_77:9_78:9_79:9_80:9_81:9_82:9_83:9_84:9_85:9_86:9_87:9_88:9_89:9_90:9_91:9_92:9_93:9_94:9_95:9_96:9_97:9_98:9_99:9_100:9_101:9_102:9_103:9_104:9_105:9_106:9_107:9_108:9_109:9_110:9_111:9_112:9_113:9_114:9_115:9_116:9_117:9_118:9_119:9_120:9_121:9_122:9_123:9_124:9_125:9_126:9_127:9_128:9_129:9_130:9_131:9_132:9_133:9_134:9_135:9_136:9_137:9_138:9_139:9_140:9_141:9_142:9_143:9_144:9_145:9_146:9_147:9_148:9_149:9_150:9_151:9_152:9_153:9_154:9_155:9_156:9_157:9_158:9_159:9_160:9 | Y66: 201001011 | Z66: 0 | AA66: 1 | AB66: 0:2500_35:5000_56:10000_88:15000_112:30000 | AC66: 10000 | AD66: 10000 | AE66: 25010001 | AF66: 40 | AG66: 10000 | AH66: 10000 | AI66: 50 | AJ66: 0
A67: 9999002 | B67: 21 | C67: 测试怪2 | D67: 寄居蟹-绿 | E67: 未使用 | F67: 1000102 | G67: 12 | H67: 1 | I67: 0 | J67: 0 | K67: 骷髅等级2 | L67: 800001021 | M67: 12 | N67: 200 | O67: 0 | P67: 15 | Q67: 2 | R67: 300 | S67: -3000 | T67: 1 | U67: 250 | V67: 1:1_2:1_3:1_4:1_5:1_6:1_7:1_8:1_9:1_10:1_11:1_12:1_13:1_14:1_15:1_16:1_17:1_18:1_19:1_20:1_21:1_22:1_23:1_24:1_25:1_26:1_27:1_28:1_29:1_30:1_31:1_32:1_33:1_34:1_35:1_36:1_37:1_38:1_39:1_40:1_41:1_42:1_43:1_44:1_45:1_46:1_47:1_48:1_49:1_50:1_51:1_52:1_53:1_54:1_55:1_56:1_57:1_58:1_59:1_60:1_61:1_62:1_63:1_64:1_65:1_66:1_67:1_68:1_69:1_70:1_71:1_72:1_73:1_74:1_75:1_76:1_77:1_78:1_79:1_80:1_81:1_82:1_83:1_84:1_85:1_86:1_87:1_88:1_89:1_90:1_91:1_92:1_93:1_94:1_95:1_96:1_97:1_98:1_99:1_100:1_101:1_102:1_103:1_104:1_105:1_106:1_107:1_108:1_109:1_110:1_111:1_112:1_113:1_114:1_115:1_116:1_117:1_118:1_119:1_120:1_121:1_122:1_123:1_124:1_125:1_126:1_127:1_128:1_129:1_130:1_131:1_132:1_133:1_134:1_135:1_136:1_137:1_138:1_139:1_140:1_141:1_142:1_143:1_144:1_145:1_146:1_147:1_148:1_149:1_150:1_151:1_152:1_153:1_154:1_155:1_156:1_157:1_158:1_159:1_160:1 | W67: 1:1_2:1_3:1_4:1_5:1_6:1_7:1_8:1_9:1_10:1_11:1_12:1_13:1_14:1_15:1_16:1_17:1_18:1_19:1_20:1_21:1_22:1_23:1_24:1_25:1_26:1_27:1_28:1_29:1_30:1_31:1_32:1_33:1_34:1_35:1_36:1_37:1_38:1_39:1_40:1_41:1_42:1_43:1_44:1_45:1_46:1_47:1_48:1_49:1_50:1_51:1_52:1_53:1_54:1_55:1_56:1_57:1_58:1_59:1_60:1_61:1_62:1_63:1_64:1_65:1_66:1_67:1_68:1_69:1_70:1_71:1_72:1_73:1_74:1_75:1_76:1_77:1_78:1_79:1_80:1_81:1_82:1_83:1_84:1_85:1_86:1_87:1_88:1_89:1_90:1_91:1_92:1_93:1_94:1_95:1_96:1_97:1_98:1_99:1_100:1_101:0_102:0_103:0_104:0_105:0_106:0_107:0_108:0_109:0_110:0_111:0_112:0_113:0_114:0_115:0_116:0_117:0_118:0_119:0_120:0_121:0_122:0_123:0_124:0_125:0_126:0_127:0_128:0_129:0_130:0_131:0_132:0_133:0_134:0_135:0_136:0_137:0_138:0_139:0_140:0_141:0_142:0_143:0_144:0_145:0_146:0_147:0_148:0_149:0_150:0_151:0_152:0_153:0_154:0_155:0_156:0_157:0_158:0_159:0_160:0 | X67: 1:9_2:9_3:9_4:9_5:9_6:9_7:9_8:9_9:9_10:9_11:9_12:9_13:9_14:9_15:9_16:9_17:9_18:9_19:9_20:9_21:9_22:9_23:9_24:9_25:9_26:9_27:9_28:9_29:9_30:9_31:9_32:9_33:9_34:9_35:9_36:9_37:9_38:9_39:9_40:9_41:9_42:9_43:9_44:9_45:9_46:9_47:9_48:9_49:9_50:9_51:9_52:9_53:9_54:9_55:9_56:9_57:9_58:9_59:9_60:9_61:9_62:9_63:9_64:9_65:9_66:9_67:9_68:9_69:9_70:9_71:9_72:9_73:9_74:9_75:9_76:9_77:9_78:9_79:9_80:9_81:9_82:9_83:9_84:9_85:9_86:9_87:9_88:9_89:9_90:9_91:9_92:9_93:9_94:9_95:9_96:9_97:9_98:9_99:9_100:9_101:9_102:9_103:9_104:9_105:9_106:9_107:9_108:9_109:9_110:9_111:9_112:9_113:9_114:9_115:9_116:9_117:9_118:9_119:9_120:9_121:9_122:9_123:9_124:9_125:9_126:9_127:9_128:9_129:9_130:9_131:9_132:9_133:9_134:9_135:9_136:9_137:9_138:9_139:9_140:9_141:9_142:9_143:9_144:9_145:9_146:9_147:9_148:9_149:9_150:9_151:9_152:9_153:9_154:9_155:9_156:9_157:9_158:9_159:9_160:9 | Y67: 201002011 | Z67: 0 | AA67: 1 | AB67: 0:2500_100:5000_160:10000_250:15000_320:30000 | AC67: 10000 | AD67: 10000 | AE67: 25010001 | AF67: 40 | AG67: 3000 | AH67: 10000 | AI67: 10 | AJ67: 0
A68: 9999004 | B68: 21 | C68: 测试怪3 | D68: 乌龟怪-红 | E68: 未使用 | F68: 1000010 | G68: 12 | H68: 1 | I68: 0 | J68: 0 | K68: 弓箭骷髅等级4 | L68: 800001041 | M68: 12 | N68: 70 | O68: 0 | P68: 9 | Q68: 0 | R68: 300 | S68: -3000 | T68: 1 | U68: 0 | V68: 1:1_2:1_3:1_4:1_5:1_6:1_7:1_8:1_9:1_10:1_11:1_12:1_13:1_14:1_15:1_16:1_17:1_18:1_19:1_20:1_21:1_22:1_23:1_24:1_25:1_26:1_27:1_28:1_29:1_30:1_31:1_32:1_33:1_34:1_35:1_36:1_37:1_38:1_39:1_40:1_41:1_42:1_43:1_44:1_45:1_46:1_47:1_48:1_49:1_50:1_51:1_52:1_53:1_54:1_55:1_56:1_57:1_58:1_59:1_60:1_61:1_62:1_63:1_64:1_65:1_66:1_67:1_68:1_69:1_70:1_71:1_72:1_73:1_74:1_75:1_76:1_77:1_78:1_79:1_80:1_81:1_82:1_83:1_84:1_85:1_86:1_87:1_88:1_89:1_90:1_91:1_92:1_93:1_94:1_95:1_96:1_97:1_98:1_99:1_100:1_101:1_102:1_103:1_104:1_105:1_106:1_107:1_108:1_109:1_110:1_111:1_112:1_113:1_114:1_115:1_116:1_117:1_118:1_119:1_120:1_121:1_122:1_123:1_124:1_125:1_126:1_127:1_128:1_129:1_130:1_131:1_132:1_133:1_134:1_135:1_136:1_137:1_138:1_139:1_140:1_141:1_142:1_143:1_144:1_145:1_146:1_147:1_148:1_149:1_150:1_151:1_152:1_153:1_154:1_155:1_156:1_157:1_158:1_159:1_160:1 | W68: 1:1_2:1_3:1_4:1_5:1_6:1_7:1_8:1_9:1_10:1_11:1_12:1_13:1_14:1_15:1_16:1_17:1_18:1_19:1_20:1_21:1_22:1_23:1_24:1_25:1_26:1_27:1_28:1_29:1_30:1_31:1_32:1_33:1_34:1_35:1_36:1_37:1_38:1_39:1_40:1_41:1_42:1_43:1_44:1_45:1_46:1_47:1_48:1_49:1_50:1_51:1_52:1_53:1_54:1_55:1_56:1_57:1_58:1_59:1_60:1_61:1_62:1_63:1_64:1_65:1_66:1_67:1_68:1_69:1_70:1_71:1_72:1_73:1_74:1_75:1_76:1_77:1_78:1_79:1_80:1_81:1_82:1_83:1_84:1_85:1_86:1_87:1_88:1_89:1_90:1_91:1_92:1_93:1_94:1_95:1_96:1_97:1_98:1_99:1_100:1_101:0_102:0_103:0_104:0_105:0_106:0_107:0_108:0_109:0_110:0_111:0_112:0_113:0_114:0_115:0_116:0_117:0_118:0_119:0_120:0_121:0_122:0_123:0_124:0_125:0_126:0_127:0_128:0_129:0_130:0_131:0_132:0_133:0_134:0_135:0_136:0_137:0_138:0_139:0_140:0_141:0_142:0_143:0_144:0_145:0_146:0_147:0_148:0_149:0_150:0_151:0_152:0_153:0_154:0_155:0_156:0_157:0_158:0_159:0_160:0 | X68: 1:9_2:9_3:9_4:9_5:9_6:9_7:9_8:9_9:9_10:9_11:9_12:9_13:9_14:9_15:9_16:9_17:9_18:9_19:9_20:9_21:9_22:9_23:9_24:9_25:9_26:9_27:9_28:9_29:9_30:9_31:9_32:9_33:9_34:9_35:9_36:9_37:9_38:9_39:9_40:9_41:9_42:9_43:9_44:9_45:9_46:9_47:9_48:9_49:9_50:9_51:9_52:9_53:9_54:9_55:9_56:9_57:9_58:9_59:9_60:9_61:9_62:9_63:9_64:9_65:9_66:9_67:9_68:9_69:9_70:9_71:9_72:9_73:9_74:9_75:9_76:9_77:9_78:9_79:9_80:9_81:9_82:9_83:9_84:9_85:9_86:9_87:9_88:9_89:9_90:9_91:9_92:9_93:9_94:9_95:9_96:9_97:9_98:9_99:9_100:9_101:9_102:9_103:9_104:9_105:9_106:9_107:9_108:9_109:9_110:9_111:9_112:9_113:9_114:9_115:9_116:9_117:9_118:9_119:9_120:9_121:9_122:9_123:9_124:9_125:9_126:9_127:9_128:9_129:9_130:9_131:9_132:9_133:9_134:9_135:9_136:9_137:9_138:9_139:9_140:9_141:9_142:9_143:9_144:9_145:9_146:9_147:9_148:9_149:9_150:9_151:9_152:9_153:9_154:9_155:9_156:9_157:9_158:9_159:9_160:9 | Y68: 201004011 | Z68: 0 | AA68: 1 | AB68: 0:2500_35:5000_56:10000_88:15000_112:30000 | AC68: 10000 | AD68: 10000 | AE68: 25010001 | AF68: 40 | AG68: 10000 | AH68: 10000 | AI68: 80 | AJ68: 10
A69: 9999005 | B69: 21 | C69: 测试怪4 | D69: 乌龟怪-绿 | E69: 未使用 | F69: 1000010 | G69: 12 | H69: 1 | I69: 0 | J69: 0 | K69: 蜘蛛等级1 | L69: 800014011 | M69: 12 | N69: 125 | O69: 0 | P69: 8 | Q69: 1 | R69: 300 | S69: -3000 | T69: 1 | U69: 0 | V69: 1:1_2:1_3:1_4:1_5:1_6:1_7:1_8:1_9:1_10:1_11:1_12:1_13:1_14:1_15:1_16:1_17:1_18:1_19:1_20:1_21:1_22:1_23:1_24:1_25:1_26:1_27:1_28:1_29:1_30:1_31:1_32:1_33:1_34:1_35:1_36:1_37:1_38:1_39:1_40:1_41:1_42:1_43:1_44:1_45:1_46:1_47:1_48:1_49:1_50:1_51:1_52:1_53:1_54:1_55:1_56:1_57:1_58:1_59:1_60:1_61:1_62:1_63:1_64:1_65:1_66:1_67:1_68:1_69:1_70:1_71:1_72:1_73:1_74:1_75:1_76:1_77:1_78:1_79:1_80:1_81:1_82:1_83:1_84:1_85:1_86:1_87:1_88:1_89:1_90:1_91:1_92:1_93:1_94:1_95:1_96:1_97:1_98:1_99:1_100:1_101:1_102:1_103:1_104:1_105:1_106:1_107:1_108:1_109:1_110:1_111:1_112:1_113:1_114:1_115:1_116:1_117:1_118:1_119:1_120:1_121:1_122:1_123:1_124:1_125:1_126:1_127:1_128:1_129:1_130:1_131:1_132:1_133:1_134:1_135:1_136:1_137:1_138:1_139:1_140:1_141:1_142:1_143:1_144:1_145:1_146:1_147:1_148:1_149:1_150:1_151:1_152:1_153:1_154:1_155:1_156:1_157:1_158:1_159:1_160:1 | W69: 1:1_2:1_3:1_4:1_5:1_6:1_7:1_8:1_9:1_10:1_11:1_12:1_13:1_14:1_15:1_16:1_17:1_18:1_19:1_20:1_21:1_22:1_23:1_24:1_25:1_26:1_27:1_28:1_29:1_30:1_31:1_32:1_33:1_34:1_35:1_36:1_37:1_38:1_39:1_40:1_41:1_42:1_43:1_44:1_45:1_46:1_47:1_48:1_49:1_50:1_51:1_52:1_53:1_54:1_55:1_56:1_57:1_58:1_59:1_60:1_61:1_62:1_63:1_64:1_65:1_66:1_67:1_68:1_69:1_70:1_71:1_72:1_73:1_74:1_75:1_76:1_77:1_78:1_79:1_80:1_81:1_82:1_83:1_84:1_85:1_86:1_87:1_88:1_89:1_90:1_91:1_92:1_93:1_94:1_95:1_96:1_97:1_98:1_99:1_100:1_101:0_102:0_103:0_104:0_105:0_106:0_107:0_108:0_109:0_110:0_111:0_112:0_113:0_114:0_115:0_116:0_117:0_118:0_119:0_120:0_121:0_122:0_123:0_124:0_125:0_126:0_127:0_128:0_129:0_130:0_131:0_132:0_133:0_134:0_135:0_136:0_137:0_138:0_139:0_140:0_141:0_142:0_143:0_144:0_145:0_146:0_147:0_148:0_149:0_150:0_151:0_152:0_153:0_154:0_155:0_156:0_157:0_158:0_159:0_160:0 | X69: 1:9_2:9_3:9_4:9_5:9_6:9_7:9_8:9_9:9_10:9_11:9_12:9_13:9_14:9_15:9_16:9_17:9_18:9_19:9_20:9_21:9_22:9_23:9_24:9_25:9_26:9_27:9_28:9_29:9_30:9_31:9_32:9_33:9_34:9_35:9_36:9_37:9_38:9_39:9_40:9_41:9_42:9_43:9_44:9_45:9_46:9_47:9_48:9_49:9_50:9_51:9_52:9_53:9_54:9_55:9_56:9_57:9_58:9_59:9_60:9_61:9_62:9_63:9_64:9_65:9_66:9_67:9_68:9_69:9_70:9_71:9_72:9_73:9_74:9_75:9_76:9_77:9_78:9_79:9_80:9_81:9_82:9_83:9_84:9_85:9_86:9_87:9_88:9_89:9_90:9_91:9_92:9_93:9_94:9_95:9_96:9_97:9_98:9_99:9_100:9_101:9_102:9_103:9_104:9_105:9_106:9_107:9_108:9_109:9_110:9_111:9_112:9_113:9_114:9_115:9_116:9_117:9_118:9_119:9_120:9_121:9_122:9_123:9_124:9_125:9_126:9_127:9_128:9_129:9_130:9_131:9_132:9_133:9_134:9_135:9_136:9_137:9_138:9_139:9_140:9_141:9_142:9_143:9_144:9_145:9_146:9_147:9_148:9_149:9_150:9_151:9_152:9_153:9_154:9_155:9_156:9_157:9_158:9_159:9_160:9 | Y69: 214001011 | Z69: 0 | AA69: 1 | AB69: 0:2500_63:5000_100:10000_156:15000_200:30000 | AC69: 10000 | AD69: 10000 | AE69: 25010001 | AF69: 40 | AG69: 10000 | AH69: 10000 | AI69: 40 | AJ69: 0
A70: 9999013 | B70: 21 | C70: 小怪13 | D70: 蜥蜴怪-紫 | E70: 未使用 | F70: 1000011 | G70: 12 | H70: 1 | I70: 0 | J70: 0 | K70: 僵尸精英 | L70: 800003021 | M70: 12 | N70: 500 | O70: 0 | P70: 30 | Q70: 4 | R70: 1760 | S70: -3000 | T70: 1 | U70: 30000 | V70: 1:1_2:1_3:1_4:1_5:1_6:1_7:1_8:1_9:1_10:1_11:1_12:1_13:1_14:1_15:1_16:1_17:1_18:1_19:1_20:1_21:1_22:1_23:1_24:1_25:1_26:1_27:1_28:1_29:1_30:1_31:1_32:1_33:1_34:1_35:1_36:1_37:1_38:1_39:1_40:1_41:1_42:1_43:1_44:1_45:1_46:1_47:1_48:1_49:1_50:1_51:1_52:1_53:1_54:1_55:1_56:1_57:1_58:1_59:1_60:1_61:1_62:1_63:1_64:1_65:1_66:1_67:1_68:1_69:1_70:1_71:1_72:1_73:1_74:1_75:1_76:1_77:1_78:1_79:1_80:1_81:1_82:1_83:1_84:1_85:1_86:1_87:1_88:1_89:1_90:1_91:1_92:1_93:1_94:1_95:1_96:1_97:1_98:1_99:1_100:1_101:1_102:1_103:1_104:1_105:1_106:1_107:1_108:1_109:1_110:1_111:1_112:1_113:1_114:1_115:1_116:1_117:1_118:1_119:1_120:1_121:1_122:1_123:1_124:1_125:1_126:1_127:1_128:1_129:1_130:1_131:1_132:1_133:1_134:1_135:1_136:1_137:1_138:1_139:1_140:1_141:1_142:1_143:1_144:1_145:1_146:1_147:1_148:1_149:1_150:1_151:1_152:1_153:1_154:1_155:1_156:1_157:1_158:1_159:1_160:1 | W70: 1:1_2:1_3:1_4:1_5:1_6:1_7:1_8:1_9:1_10:1_11:1_12:1_13:1_14:1_15:1_16:1_17:1_18:1_19:1_20:1_21:1_22:1_23:1_24:1_25:1_26:1_27:1_28:1_29:1_30:1_31:1_32:1_33:1_34:1_35:1_36:1_37:1_38:1_39:1_40:1_41:1_42:1_43:1_44:1_45:1_46:1_47:1_48:1_49:1_50:1_51:1_52:1_53:1_54:1_55:1_56:1_57:1_58:1_59:1_60:1_61:1_62:1_63:1_64:1_65:1_66:1_67:1_68:1_69:1_70:1_71:1_72:1_73:1_74:1_75:1_76:1_77:1_78:1_79:1_80:1_81:1_82:1_83:1_84:1_85:1_86:1_87:1_88:1_89:1_90:1_91:1_92:1_93:1_94:1_95:1_96:1_97:1_98:1_99:1_100:1_101:0_102:0_103:0_104:0_105:0_106:0_107:0_108:0_109:0_110:0_111:0_112:0_113:0_114:0_115:0_116:0_117:0_118:0_119:0_120:0_121:0_122:0_123:0_124:0_125:0_126:0_127:0_128:0_129:0_130:0_131:0_132:0_133:0_134:0_135:0_136:0_137:0_138:0_139:0_140:0_141:0_142:0_143:0_144:0_145:0_146:0_147:0_148:0_149:0_150:0_151:0_152:0_153:0_154:0_155:0_156:0_157:0_158:0_159:0_160:0 | X70: 1:10000_2:10000_3:10000_4:10000_5:10000_6:10000_7:10000_8:10000_9:10000_10:10000_11:10000_12:10000_13:10000_14:10000_15:10000_16:10000_17:10000_18:10000_19:10000_20:10000_21:10000_22:10000_23:10000_24:10000_25:10000_26:10000_27:10000_28:10000_29:10000_30:10000_31:10000_32:10000_33:10000_34:10000_35:10000_36:10000_37:10000_38:10000_39:10000_40:10000_41:10000_42:10000_43:10000_44:10000_45:10000_46:10000_47:10000_48:10000_49:10000_50:10000_51:10000_52:10000_53:10000_54:10000_55:10000_56:10000_57:10000_58:10000_59:10000_60:10000_61:10000_62:10000_63:10000_64:10000_65:10000_66:10000_67:10000_68:10000_69:10000_70:10000_71:10000_72:10000_73:10000_74:10000_75:10000_76:10000_77:10000_78:10000_79:10000_80:10000_81:10000_82:10000_83:10000_84:10000_85:10000_86:10000_87:10000_88:10000_89:10000_90:10000_91:10000_92:10000_93:10000_94:10000_95:10000_96:10000_97:10000_98:10000_99:10000_100:10000_101:10000_102:10000_103:10000_104:10000_105:10000_106:10000_107:10000_108:10000_109:10000_110:10000_111:10000_112:10000_113:10000_114:10000_115:10000_116:10000_117:10000_118:10000_119:10000_120:10000_121:10000_122:10000_123:10000_124:10000_125:10000_126:10000_127:10000_128:10000_129:10000_130:10000_131:10000_132:10000_133:10000_134:10000_135:10000_136:10000_137:10000_138:10000_139:10000_140:10000_141:10000_142:10000_143:10000_144:10000_145:10000_146:10000_147:10000_148:10000_149:10000_150:10000_151:10000_152:10000_153:10000_154:10000_155:10000_156:10000_157:10000_158:10000_159:10000_160:10000 | Y70: 203002011 | Z70: 0 | AA70: 1 | AB70: 0:2500_250:5000_400:10000_625:15000_800:30000 | AC70: 10000 | AD70: 10000 | AE70: 25010001 | AF70: 40 | AG70: 1000 | AH70: 5000 | AI70: 2 | AJ70: 0

Sheet 怪物难度
I1: 1 | J1: 10101 | K1: 10192 | L1: 65750 | M1: =VLOOKUP(I1,$Q$1:$S$10,2,FALSE) -> 10000 | N1: =VLOOKUP(I1,$Q$1:$S$10,3,FALSE) -> 65000 | Q1: 1 | R1: 10000 | S1: 65000
I2: 2 | J2: 20101 | K2: 10192 | L2: 85470 | M2: =VLOOKUP(I2,$Q$1:$S$10,2,FALSE) -> 10000 | N2: =VLOOKUP(I2,$Q$1:$S$10,3,FALSE) -> 85000 | Q2: 2 | R2: 10000 | S2: 85000
I3: 2 | J3: 20104 | K3: 10192 | L3: 85470 | M3: =VLOOKUP(I3,$Q$1:$S$10,2,FALSE) -> 10000 | N3: =VLOOKUP(I3,$Q$1:$S$10,3,FALSE) -> 85000 | Q3: 3 | R3: 10000 | S3: 110000
I4: 3 | J4: 30102 | K4: 10192 | L4: 111110 | M4: =VLOOKUP(I4,$Q$1:$S$10,2,FALSE) -> 10000 | N4: =VLOOKUP(I4,$Q$1:$S$10,3,FALSE) -> 110000 | Q4: 4 | R4: 10000 | S4: 140000
I5: 3 | J5: 30104 | K5: 10192 | L5: 111110 | M5: =VLOOKUP(I5,$Q$1:$S$10,2,FALSE) -> 10000 | N5: =VLOOKUP(I5,$Q$1:$S$10,3,FALSE) -> 110000 | Q5: 5 | R5: 15000 | S5: 180000
I6: 4 | J6: 40101 | K6: 10192 | L6: 153840 | M6: =VLOOKUP(I6,$Q$1:$S$10,2,FALSE) -> 10000 | N6: =VLOOKUP(I6,$Q$1:$S$10,3,FALSE) -> 140000 | Q6: 6 | R6: 25000 | S6: 350000
I7: 4 | J7: 40104 | K7: 10192 | L7: 153840 | M7: =VLOOKUP(I7,$Q$1:$S$10,2,FALSE) -> 10000 | N7: =VLOOKUP(I7,$Q$1:$S$10,3,FALSE) -> 140000 | Q7: 7 | R7: 40000 | S7: 500000
I8: 5 | J8: 50101 | K8: 23096 | L8: 213650 | M8: =VLOOKUP(I8,$Q$1:$S$10,2,FALSE) -> 15000 | N8: =VLOOKUP(I8,$Q$1:$S$10,3,FALSE) -> 180000 | Q8: 8 | R8: 55000 | S8: 800000
I9: 5 | J9: 50104 | K9: 23096 | L9: 213650 | M9: =VLOOKUP(I9,$Q$1:$S$10,2,FALSE) -> 15000 | N9: =VLOOKUP(I9,$Q$1:$S$10,3,FALSE) -> 180000 | Q9: 9 | R9: 70000 | S9: 1400000
I10: 6 | J10: 60101 | K10: 34124 | L10: 438210 | M10: =VLOOKUP(I10,$Q$1:$S$10,2,FALSE) -> 25000 | N10: =VLOOKUP(I10,$Q$1:$S$10,3,FALSE) -> 350000 | Q10: 10 | R10: 90000 | S10: 3000000
I11: 6 | J11: 60102 | K11: 34124 | L11: 438210 | M11: =VLOOKUP(I11,$Q$1:$S$10,2,FALSE) -> 25000 | N11: =VLOOKUP(I11,$Q$1:$S$10,3,FALSE) -> 350000
I12: 6 | J12: 60104 | K12: 34124 | L12: 438210 | M12: =VLOOKUP(I12,$Q$1:$S$10,2,FALSE) -> 25000 | N12: =VLOOKUP(I12,$Q$1:$S$10,3,FALSE) -> 350000
I13: 7 | J13: 70101 | K13: 51097 | L13: 579690 | M13: =VLOOKUP(I13,$Q$1:$S$10,2,FALSE) -> 40000 | N13: =VLOOKUP(I13,$Q$1:$S$10,3,FALSE) -> 500000
I14: 7 | J14: 70102 | K14: 51097 | L14: 579690 | M14: =VLOOKUP(I14,$Q$1:$S$10,2,FALSE) -> 40000 | N14: =VLOOKUP(I14,$Q$1:$S$10,3,FALSE) -> 500000
I15: 7 | J15: 70104 | K15: 51097 | L15: 579690 | M15: =VLOOKUP(I15,$Q$1:$S$10,2,FALSE) -> 40000 | N15: =VLOOKUP(I15,$Q$1:$S$10,3,FALSE) -> 500000
I16: 7 | J16: 70114 | K16: 51097 | L16: 579690 | M16: =VLOOKUP(I16,$Q$1:$S$10,2,FALSE) -> 40000 | N16: =VLOOKUP(I16,$Q$1:$S$10,3,FALSE) -> 500000
I17: 8 | J17: 80101 | K17: 64706 | L17: 1027570 | M17: =VLOOKUP(I17,$Q$1:$S$10,2,FALSE) -> 55000 | N17: =VLOOKUP(I17,$Q$1:$S$10,3,FALSE) -> 800000
I18: 8 | J18: 80103 | K18: 64706 | L18: 1027570 | M18: =VLOOKUP(I18,$Q$1:$S$10,2,FALSE) -> 55000 | N18: =VLOOKUP(I18,$Q$1:$S$10,3,FALSE) -> 800000
I19: 8 | J19: 80104 | K19: 64706 | L19: 1027570 | M19: =VLOOKUP(I19,$Q$1:$S$10,2,FALSE) -> 55000 | N19: =VLOOKUP(I19,$Q$1:$S$10,3,FALSE) -> 800000
I20: 8 | J20: 80114 | K20: 64706 | L20: 1027570 | M20: =VLOOKUP(I20,$Q$1:$S$10,2,FALSE) -> 55000 | N20: =VLOOKUP(I20,$Q$1:$S$10,3,FALSE) -> 800000
I21: 9 | J21: 90102 | K21: 80251 | L21: 1764410 | M21: =VLOOKUP(I21,$Q$1:$S$10,2,FALSE) -> 70000 | N21: =VLOOKUP(I21,$Q$1:$S$10,3,FALSE) -> 1400000
I22: 9 | J22: 90103 | K22: 80251 | L22: 1764410 | M22: =VLOOKUP(I22,$Q$1:$S$10,2,FALSE) -> 70000 | N22: =VLOOKUP(I22,$Q$1:$S$10,3,FALSE) -> 1400000
... I28: 10 | J28: 100114 | K28: 105208 | L28: 3304130 | M28: =VLOOKUP(I28,$Q$1:$S$10,2,FALSE) -> 90000 | N28: =VLOOKUP(I28,$Q$1:$S$10,3,FALSE) -> 3000000

Sheet 备注资源组与动作id
B6: 资源组id | C6: 攻击技能 | G6: 对应动作 | J6: 动作id | N6: 动作对应的技能id
A7: 甲壳狂徒 | B7: 1000003 | C7: =VLOOKUP(F7,$M$7:$N$16,2,FALSE) -> 20030001 | D7: 乌龟怪1 | E7: =LEFT(D7,3) -> 乌龟怪 | F7: =VLOOKUP(E7,备注资源组与动作id!$L$7:$M$16,2,FALSE) -> 3 | G7: 990301,990302 | J7: 990101 | K7: 普通技能 | L7: 蜥蜴怪 | M7: 1 | N7: 20010001 | O7: 蜥蜴怪
A8: 甲壳狂徒 | B8: 1000004 | C8: =VLOOKUP(F8,$M$7:$N$16,2,FALSE) -> 20030001 | D8: 乌龟怪2 | E8: =LEFT(D8,3) -> 乌龟怪 | F8: =VLOOKUP(E8,备注资源组与动作id!$L$7:$M$16,2,FALSE) -> 3 | G8: 990301,990302 | J8: 990102 | K8: 普通技能 | L8: 蜥蜴怪 | M8: 1 | N8: 20010002 | O8: 蜥蜴怪
A9: 甲壳狂徒 | B9: 1000005 | C9: =VLOOKUP(F9,$M$7:$N$16,2,FALSE) -> 20030001 | D9: 乌龟怪3 | E9: =LEFT(D9,3) -> 乌龟怪 | F9: =VLOOKUP(E9,备注资源组与动作id!$L$7:$M$16,2,FALSE) -> 3 | G9: 990301,990302 | J9: 990201 | K9: 普通技能 | L9: 青蛙怪 | M9: 2 | N9: 20020001 | O9: 青蛙
A10: 甲壳狂徒 | B10: 1000006 | C10: =VLOOKUP(F10,$M$7:$N$16,2,FALSE) -> 20030001 | D10: 乌龟怪4 | E10: =LEFT(D10,3) -> 乌龟怪 | F10: =VLOOKUP(E10,备注资源组与动作id!$L$7:$M$16,2,FALSE) -> 3 | G10: 990301,990302 | J10: 990202 | K10: 普通技能 | L10: 青蛙怪 | M10: 2 | N10: 20020002 | O10: 青蛙
A11: 战甲斑狼 | B11: 1000007 | C11: =VLOOKUP(F11,$M$7:$N$16,2,FALSE) -> 20040001 | D11: 野狼怪1 | E11: =LEFT(D11,3) -> 野狼怪 | F11: =VLOOKUP(E11,备注资源组与动作id!$L$7:$M$16,2,FALSE) -> 4 | G11: 990401,990402 | J11: 990301 | K11: 普通技能 | L11: 乌龟怪 | M11: 3 | N11: 20030001 | O11: 乌龟怪
A12: 战甲斑狼 | B12: 1000008 | C12: =VLOOKUP(F12,$M$7:$N$16,2,FALSE) -> 20040001 | D12: 野狼怪2 | E12: =LEFT(D12,3) -> 野狼怪 | F12: =VLOOKUP(E12,备注资源组与动作id!$L$7:$M$16,2,FALSE) -> 4 | G12: 990401,990402 | J12: 990302 | K12: 普通技能 | L12: 乌龟怪 | M12: 3 | N12: 20030002 | O12: 乌龟怪
A13: 战甲斑狼 | B13: 1000009 | C13: =VLOOKUP(F13,$M$7:$N$16,2,FALSE) -> 20040001 | D13: 野狼怪3 | E13: =LEFT(D13,3) -> 野狼怪 | F13: =VLOOKUP(E13,备注资源组与动作id!$L$7:$M$16,2,FALSE) -> 4 | G13: 990401,990402 | J13: 990401 | K13: 普通技能 | L13: 野狼怪 | M13: 4 | N13: 20040001 | O13: 狼
A14: 战甲斑狼 | B14: 1000010 | C14: =VLOOKUP(F14,$M$7:$N$16,2,FALSE) -> 20040001 | D14: 野狼怪4 | E14: =LEFT(D14,3) -> 野狼怪 | F14: =VLOOKUP(E14,备注资源组与动作id!$L$7:$M$16,2,FALSE) -> 4 | G14: 990401,990402 | J14: 990402 | K14: 普通技能 | L14: 野狼怪 | M14: 4 | N14: 20040002 | O14: 狼
A15: 寄居炮蟹 | B15: 1000011 | C15: =VLOOKUP(F15,$M$7:$N$16,2,FALSE) -> 20050001 | D15: 寄居蟹1 | E15: 寄居蟹 | F15: =VLOOKUP(E15,备注资源组与动作id!$L$7:$M$16,2,FALSE) -> 5 | G15: 990501,990502 | J15: 990501 | K15: 普通技能 | L15: 寄居蟹 | M15: 5 | N15: 20050001 | O15: 寄居蟹
A16: 寄居炮蟹 | B16: 1000012 | C16: =VLOOKUP(F16,$M$7:$N$16,2,FALSE) -> 20050001 | D16: 寄居蟹2 | E16: 寄居蟹 | F16: =VLOOKUP(E16,备注资源组与动作id!$L$7:$M$16,2,FALSE) -> 5 | G16: 990501,990502 | J16: 990502 | K16: 普通技能 | L16: 寄居蟹 | M16: 5 | N16: 20050002 | O16: 寄居蟹
A17: 寄居炮蟹 | B17: 1000013 | C17: =VLOOKUP(F17,$M$7:$N$16,2,FALSE) -> 20050001 | D17: 寄居蟹3 | E17: 寄居蟹 | F17: =VLOOKUP(E17,备注资源组与动作id!$L$7:$M$16,2,FALSE) -> 5 | G17: 990501,990502
A18: 寄居炮蟹 | B18: 1000014 | C18: =VLOOKUP(F18,$M$7:$N$16,2,FALSE) -> 20050001 | D18: 寄居蟹4 | E18: 寄居蟹 | F18: =VLOOKUP(E18,备注资源组与动作id!$L$7:$M$16,2,FALSE) -> 5 | G18: 990501,990502
A19: 狂暴蜥蜴 | B19: 1000101 | C19: =VLOOKUP(F19,$M$7:$N$16,2,FALSE) -> 20010001 | D19: 蜥蜴怪1 | E19: =LEFT(D19,3) -> 蜥蜴怪 | F19: =VLOOKUP(E19,备注资源组与动作id!$L$7:$M$16,2,FALSE) -> 1 | G19: 990101,990102
A20: 狂暴蜥蜴 | B20: 1000102 | C20: =VLOOKUP(F20,$M$7:$N$16,2,FALSE) -> 20010001 | D20: 蜥蜴怪2 | E20: =LEFT(D20,3) -> 蜥蜴怪 | F20: =VLOOKUP(E20,备注资源组与动作id!$L$7:$M$16,2,FALSE) -> 1 | G20: 990101,990102
A21: 长矛蛙兵 | B21: 1000103 | C21: =VLOOKUP(F21,$M$7:$N$16,2,FALSE) -> 20020001 | D21: 青蛙怪1 | E21: =LEFT(D21,3) -> 青蛙怪 | F21: =VLOOKUP(E21,备注资源组与动作id!$L$7:$M$16,2,FALSE) -> 2 | G21: 990201,990202
A22: 长矛蛙兵 | B22: 1000104 | C22: =VLOOKUP(F22,$M$7:$N$16,2,FALSE) -> 20020001 | D22: 青蛙怪2 | E22: =LEFT(D22,3) -> 青蛙怪 | F22: =VLOOKUP(E22,备注资源组与动作id!$L$7:$M$16,2,FALSE) -> 2 | G22: 990201,990202

Sheet 掉落
C2: 经验 | D2: 金币 | E2: 装备分数 | F2: 经验 | G2: 金币 | H2: 装备分数 | I2: 经验 | J2: 金币 | K2: 装备分数
