Workbook

Sheet maze_skilleffect_v8
A1: paipaiworld_config | U1: 1000
A2: INT_K | B2: INT_S_C | C2: INT_S_C | D2: INT_S_C | E2: INT_S_C | F2: STRING | G2: STRING | H2: STRING | I2: STRING | J2: MAP<INT:INT>_S_C | K2: INT_S_C | L2: INT_S_C | M2: MAP<INT:INT>_S_C | N2: INT_S_C | O2: INT_S_C | P2: MAP<INT:INT>_S_C | Q2: INT_S_C | R2: INT_S_C | S2: LIST<INT>_S_C | T2: MAP<INT:INT>_S_C | U2: INT_S_C | V2: MAP<INT:INT>_S_C | W2: INT_S_C | X2: MAP<INT:INT>_S_C | Y2: INT_S_C | Z2: INT_S_C | AA2: MAP<INT:INT>_S | AB2: INT_S | AC2: INT_S
A3: effect__id | B3: effect_group | C3: in_group_weight | D3: cool_down | E3: attr | F3: desc1 | G3: desc2 | H3: desc3 | I3: desc4 | J3: attr_value_variable_id | K3: attr_value_type | L3: attr_value | M3: attr_value_2_variable_id | N3: attr_value_2_type | O3: attr_value_2 | P3: attr_value_3_variable_id | Q3: attr_value_3_type | R3: attr_value_3 | S3: attr_value_4 | T3: last_time_variable_id | U3: last_time | V3: base_hitrate_variable_id | W3: base_hitrate | X3: attr_value_7_variable_id | Y3: attr_value_7_type | Z3: attr_value_7 | AA3: attr_value_8_variable_id | AB3: attr_value_8_type | AC3: attr_value_8
A4: effect_id | B4: effect组id | C4: 同组优先级 | D4: 重复中buff组的cd时间（毫毫秒） | E4: 逻辑属性id | F4: 技能效果 | G4: buff生效方式 | H4: 技能名称 | I4: 参数描述 | J4: 参数1关联的变量id | K4: 参数1数值类型 | L4: 参数1 | M4: 参数2关联的变量id | N4: 参数2数值类型 | O4: 参数2 | P4: 参数3关联的变量id | Q4: 参数3数值类型 | R4: 参数3 | S4: 参数4 | T4: 持续时长（毫秒）关联的变量id | U4: 持续时长（毫秒） | V4: 基础命中率变量 | W4: 基础命中率（万分比） | X4: 参数7关联的变量id | Y4: 参数7数值类型 | Z4: 参数7 | AA4: 参数8关联的变量id | AB4: 参数8数值类型 | AC4: 参数8
A5: 1000001 | B5: 100 | C5: 2 | D5: 0 | E5: 11440 | F5: 吃药回血 | G5: 中buff的目标 | H5: 药剂效果 | I5: 吃药回血，【参数1（最大血量百万分比）】+【参数3固定值血量】 | J5: 0:0 | K5: 2 | L5: 600000 | M5: 0:0 | N5: 1 | O5: 0 | P5: 0:0 | Q5: 1 | R5: 0 | S5: 0 | T5: 0:0 | U5: 0 | V5: 0:0 | W5: 10000 | X5: 0:0 | Y5: 1 | Z5: 0 | AA5: 0:0 | AB5: 1 | AC5: 0
A6: 2000001 | B6: 200 | C6: 1 | D6: 100 | E6: 11710 | F6: 吸取固定值血量 | G6: 被动效果 | H6: 击中回血效果 | I6: 拥有这个技能效果时，命中敌人时，攻击者回复固定值【参数1固定值】的血量，触发冷却时间【参数8】毫秒 | J6: 3041101:1 | K6: 1 | L6: 0 | M6: 0:0 | N6: 0 | O6: 0 | P6: 0:0 | Q6: 0 | R6: 0 | S6: 0 | T6: 0:0 | U6: 0 | V6: 0:0 | W6: 10000 | X6: 0:0 | Y6: 1 | Z6: 0 | AA6: 3041108:2 | AB6: 1 | AC6: 1000
A7: 54010001 | B7: 5401 | C7: 1 | D7: 0 | E7: 3540200 | F7: 攻击速度提高 | G7: 技能效果-通用 | H7: 攻击速度提高 | I7: 攻击速度提高【参数1万分比】，持续时间【参数5持续时间】，最大可叠加【参数7】层 | J7: 3540201:1 | K7: 2 | L7: 500 | M7: 0:0 | N7: 0 | O7: 0 | P7: 0:0 | Q7: 0 | R7: 0 | S7: 0 | T7: 3540205:1 | U7: 4000 | V7: 0:0 | W7: 10000 | X7: 3540207:1 | Y7: 1 | Z7: 3 | AA7: 0:0 | AB7: 1 | AC7: 0
A8: 54020001 | B8: 5402 | C8: 1 | D8: 0 | E8: 3540400 | F8: 攻击提高 | G8: 技能效果-通用 | H8: 攻击提高 | I8: 攻击提高【参数1万分比】+【参数2固定值】，持续时间【参数5持续时间】，最大可叠加【参数7】层 | J8: 3540401:1 | K8: 2 | L8: 500 | M8: 3540402:1 | N8: 1 | O8: 5 | P8: 0:0 | Q8: 0 | R8: 0 | S8: 0 | T8: 3540405:1 | U8: 4000 | V8: 0:0 | W8: 10000 | X8: 3540407:1 | Y8: 1 | Z8: 3 | AA8: 0:0 | AB8: 1 | AC8: 0
A9: 54030001 | B9: 5403 | C9: 1 | D9: 0 | E9: 3540600 | F9: 防御提高 | G9: 技能效果-通用 | H9: 防御提高 | I9: 防御提高【参数1万分比】+【参数2固定值】，持续时间【参数5持续时间】，最大可叠加【参数7】层 | J9: 3540601:1 | K9: 2 | L9: 500 | M9: 3540602:1 | N9: 1 | O9: 5 | P9: 0:0 | Q9: 0 | R9: 0 | S9: 0 | T9: 3540605:1 | U9: 4000 | V9: 0:0 | W9: 10000 | X9: 3540607:1 | Y9: 1 | Z9: 3 | AA9: 0:0 | AB9: 1 | AC9: 0
A10: 54040001 | B10: 5404 | C10: 1 | D10: 0 | E10: 3540800 | F10: 生命提高 | G10: 技能效果-通用 | H10: 生命提高 | I10: 生命提高【参数1万分比】+【参数2固定值】，持续时间【参数5持续时间】，最大可叠加【参数7】层 | J10: 3540801:1 | K10: 3 | L10: 50000 | M10: 3540802:1 | N10: 1 | O10: 5 | P10: 0:0 | Q10: 0 | R10: 0 | S10: 0 | T10: 3540805:1 | U10: 4000 | V10: 0:0 | W10: 10000 | X10: 3540807:1 | Y10: 1 | Z10: 3 | AA10: 0:0 | AB10: 1 | AC10: 0
A11: 54050001 | B11: 5405 | C11: 1 | D11: 0 | E11: 3541000 | F11: 击中回血效果提高 | G11: 技能效果-通用 | H11: 击中回血效果提高 | I11: 击中回血效果提高【参数1万分比】+【参数2固定值】，持续时间【参数5持续时间】，最大可叠加【参数7】层 | J11: 3541001:1 | K11: 2 | L11: 500 | M11: 3541002:1 | N11: 1 | O11: 5 | P11: 0:0 | Q11: 0 | R11: 0 | S11: 0 | T11: 3541005:1 | U11: 4000 | V11: 0:0 | W11: 10000 | X11: 3541007:1 | Y11: 1 | Z11: 3 | AA11: 0:0 | AB11: 1 | AC11: 0
A12: 54060001 | B12: 5406 | C12: 1 | D12: 0 | E12: 3541200 | F12: 暴击几率提高 | G12: 技能效果-通用 | H12: 暴击几率提高 | I12: 暴击几率提高【参数1万分比】，持续时间【参数5持续时间】，最大可叠加【参数7】层 | J12: 3541201:1 | K12: 2 | L12: 500 | M12: 0:0 | N12: 0 | O12: 0 | P12: 0:0 | Q12: 0 | R12: 0 | S12: 0 | T12: 3541205:1 | U12: 4000 | V12: 0:0 | W12: 10000 | X12: 3541207:1 | Y12: 1 | Z12: 3 | AA12: 0:0 | AB12: 1 | AC12: 0
A13: 54070001 | B13: 5407 | C13: 1 | D13: 0 | E13: 3541400 | F13: 暴击伤害提高 | G13: 技能效果-通用 | H13: 暴击伤害提高 | I13: 暴击伤害提高【参数1万分比】，持续时间【参数5持续时间】，最大可叠加【参数7】层 | J13: 3541401:1 | K13: 2 | L13: 500 | M13: 0:0 | N13: 0 | O13: 0 | P13: 0:0 | Q13: 0 | R13: 0 | S13: 0 | T13: 3541405:1 | U13: 4000 | V13: 0:0 | W13: 10000 | X13: 3541407:1 | Y13: 1 | Z13: 3 | AA13: 0:0 | AB13: 1 | AC13: 0
A14: 54080001 | B14: 5408 | C14: 1 | D14: 0 | E14: 3541600 | F14: 伤害提高 | G14: 技能效果-通用 | H14: 全属性伤害提高 | I14: 伤害提高【参数1万分比】+【参数2固定值】，持续时间【参数5持续时间】，最大可叠加【参数7】层 | J14: 3541601:1 | K14: 2 | L14: 500 | M14: 3541602:1 | N14: 1 | O14: 5 | P14: 0:0 | Q14: 0 | R14: 0 | S14: 0 | T14: 3541605:1 | U14: 4000 | V14: 0:0 | W14: 10000 | X14: 3541607:1 | Y14: 1 | Z14: 3 | AA14: 0:0 | AB14: 1 | AC14: 0
A15: 54090001 | B15: 5409 | C15: 1 | D15: 0 | E15: 3541800 | F15: 受到伤害提高 | G15: 技能效果-通用 | H15: 受到全属性伤害提高 | I15: 受到伤害提高【参数1万分比】+【参数2固定值】，持续时间【参数5持续时间】，最大可叠加【参数7】层 | J15: 3541801:1 | K15: 2 | L15: 500 | M15: 3541802:1 | N15: 1 | O15: 5 | P15: 0:0 | Q15: 0 | R15: 0 | S15: 0 | T15: 3541805:1 | U15: 4000 | V15: 0:0 | W15: 10000 | X15: 3541807:1 | Y15: 1 | Z15: 3 | AA15: 0:0 | AB15: 1 | AC15: 0
A16: 54100001 | B16: 5410 | C16: 1 | D16: 0 | E16: 3542000 | F16: 持续伤害提高 | G16: 技能效果-通用 | H16: 全属性持续伤害提高 | I16: 持续伤害提高【参数1万分比】+【参数2固定值】，持续时间【参数5持续时间】，最大可叠加【参数7】层 | J16: 3542001:1 | K16: 2 | L16: 500 | M16: 3542002:1 | N16: 1 | O16: 5 | P16: 0:0 | Q16: 0 | R16: 0 | S16: 0 | T16: 3542005:1 | U16: 4000 | V16: 0:0 | W16: 10000 | X16: 3542007:1 | Y16: 1 | Z16: 3 | AA16: 0:0 | AB16: 1 | AC16: 0
... A43: 58050001 | B43: 5805 | C43: 1 | D43: 0 | E43: 3581200 | F43: 瘟疫状态 | G43: 技能效果-毒 | H43: 瘟疫状态 | I43: 每【参数8】毫秒，触发等同于[毒元素直接伤害]*【参数1万分比毒持续buff系数】+【参数2】的[额外毒持续伤害]，状态持续【持续5】毫秒，最大可叠加【参数7】层 | J43: 3581201:1 | K43: 2 | L43: 3000 | M43: 3581202:1 | N43: 0 | O43: 30 | P43: 0:0 | Q43: 0 | R43: 0 | S43: 0 | T43: 3581205:1 | U43: 4000 | V43: 0:0 | W43: 10000 | X43: 3581207:1 | Y43: 1 | Z43: 10 | AA43: 3581208:2 | AB43: 1 | AC43: 1000
A44: 59010001 | B44: 5901 | C44: 1 | D44: 0 | E44: 3590200 | F44: 损失血量触发获得护盾 | G44: 技能效果-生存 | J44: 3590201:1 | K44: 3 | L44: 200000 | M44: 3590202:1 | N44: 2 | O44: 10000 | P44: 3590203:1 | Q44: 1 | R44: 1 | S44: 0 | T44: 0:0 | U44: 0 | V44: 0:0 | W44: 10000 | X44: 0:0 | Y44: 1 | Z44: 1 | AA44: 0:0 | AB44: 1 | AC44: 0
A45: 59020001 | B45: 5902 | C45: 1 | D45: 0 | E45: 3590400 | F45: 获得护盾 | G45: 技能效果-生存 | J45: 3590401:1 | K45: 3 | L45: 200000 | M45: 0:0 | N45: 0 | O45: 0 | P45: 0:0 | Q45: 0 | R45: 0 | S45: 59030001 | T45: 3590405:1 | U45: -1 | V45: 0:0 | W45: 10000 | X45: 0:0 | Y45: 1 | Z45: 1 | AA45: 0:0 | AB45: 1 | AC45: 0
A46: 59030001 | B46: 5903 | C46: 1 | D46: 0 | E46: 3590600 | F46: 有护盾时触发技能受到全属性伤害降低 | G46: 技能效果-生存 | J46: 0:0 | K46: 0 | L46: 0 | M46: 3590602:1 | N46: 2 | O46: 10000 | P46: 3590603:1 | Q46: 1 | R46: 1 | S46: 59200001 | T46: 0:0 | U46: 0 | V46: 0:0 | W46: 10000 | X46: 0:0 | Y46: 1 | Z46: 1 | AA46: 0:0 | AB46: 1 | AC46: 0
A47: 59040001 | B47: 5904 | C47: 1 | D47: 0 | E47: 3590800 | F47: 击杀触发额外回血 | G47: 技能效果-生存 | J47: 0:0 | K47: 0 | L47: 0 | M47: 3590802:1 | N47: 2 | O47: 10000 | P47: 3590803:1 | Q47: 1 | R47: 1 | S47: 59090001 | T47: 0:0 | U47: -1 | V47: 0:0 | W47: 10000 | X47: 0:0 | Y47: 1 | Z47: 1 | AA47: 0:0 | AB47: 1 | AC47: 0
A48: 59050001 | B48: 5905 | C48: 1 | D48: 0 | E48: 3591000 | F48: 额外回复击回X倍的血量 | G48: 技能效果-生存 | J48: 3591001:1 | K48: 2 | L48: 0 | M48: 3591002:1 | N48: 1 | O48: 0 | P48: 3591003:1 | Q48: 3 | R48: 0 | S48: 0 | T48: 0:0 | U48: -1 | V48: 0:0 | W48: 10000 | X48: 0:0 | Y48: 1 | Z48: 1 | AA48: 0:0 | AB48: 1 | AC48: 0
A49: 59060001 | B49: 5906 | C49: 1 | D49: 0 | E49: 3591200 | F49: 生命值大于等于百万分比时触发技能触发全属性伤害提升 | G49: 技能效果-生存 | J49: 3591201:1 | K49: 3 | L49: 1000000 | M49: 3591202:1 | N49: 2 | O49: 10000 | P49: 3591203:1 | Q49: 1 | R49: 1 | S49: 0 | T49: 0:0 | U49: -1 | V49: 0:0 | W49: 10000 | X49: 0:0 | Y49: 1 | Z49: 1 | AA49: 0:0 | AB49: 1 | AC49: 0
A50: 59070001 | B50: 5907 | C50: 1 | D50: 0 | E50: 3591400 | F50: 生命值低于百万分比时触发技能触发受到全属性伤害降低 | G50: 技能效果-生存 | J50: 3591401:1 | K50: 3 | L50: 500000 | M50: 3591402:1 | N50: 2 | O50: 10000 | P50: 3591403:1 | Q50: 1 | R50: 1 | S50: 59200002 | T50: 0:0 | U50: -1 | V50: 0:0 | W50: 10000 | X50: 0:0 | Y50: 1 | Z50: 1 | AA50: 0:0 | AB50: 1 | AC50: 0
A51: 59080001 | B51: 5908 | C51: 1 | D51: 0 | E51: 3591600 | F51: 死亡时触发技能复活 | G51: 技能效果-生存 | J51: 0:0 | K51: 0 | L51: 0 | M51: 3591602:1 | N51: 2 | O51: 10000 | P51: 3591603:1 | Q51: 1 | R51: 1 | S51: 90000001 | T51: 0:0 | U51: 0 | V51: 0:0 | W51: 10000 | X51: 0:0 | Y51: 1 | Z51: 1 | AA51: 0:0 | AB51: 1 | AC51: 0
A52: 59090001 | B52: 5909 | C52: 1 | D52: 0 | E52: 3591900 | F52: 复活回复血量、触发次数、触发间隔 | G52: 技能效果-生存 | J52: 0:0 | K52: 0 | L52: 0 | M52: 3591902:1 | N52: 1 | O52: 1 | P52: 0:0 | Q52: 0 | R52: 0 | S52: 0 | T52: 0:0 | U52: -1 | V52: 0:0 | W52: 10000 | X52: 0:0 | Y52: 1 | Z52: 1 | AA52: 3591908:2 | AB52: 1 | AC52: 1000
A53: 59100001 | B53: 5910 | C53: 1 | D53: 0 | E53: 3541800 | F53: 有护盾时受到伤害降低 | G53: 技能效果-生存 | J53: 0:0 | K53: 2 | L53: 1500 | M53: 0:0 | N53: 0 | O53: 0 | P53: 0:0 | Q53: 0 | R53: 0 | S53: 0 | T53: 0:0 | U53: -1 | V53: 0:0 | W53: 10000 | X53: 0:0 | Y53: 1 | Z53: 1 | AA53: 0:0 | AB53: 1 | AC53: 0
A54: 59110001 | B54: 5911 | C54: 1 | D54: 0 | E54: 3541800 | F54: 低血时受到伤害降低 | G54: 技能效果-生存 | J54: 0:0 | K54: 2 | L54: 5000 | M54: 0:0 | N54: 0 | O54: 0 | P54: 0:0 | Q54: 0 | R54: 0 | S54: 0 | T54: 0:0 | U54: -1 | V54: 0:0 | W54: 10000 | X54: 0:0 | Y54: 1 | Z54: 1 | AA54: 0:0 | AB54: 1 | AC54: 0
A55: 59120001 | B55: 5912 | C55: 1 | D55: 0 | E55: 3592100 | F55: 击杀回血效果提高 | G55: 技能效果-生存 | J55: 3592101:1 | K55: 2 | L55: 0 | M55: 0:0 | N55: 0 | O55: 0 | P55: 0:0 | Q55: 0 | R55: 0 | S55: 0 | T55: 0:0 | U55: -1 | V55: 0:0 | W55: 10000 | X55: 0:0 | Y55: 1 | Z55: 1 | AA55: 0:0 | AB55: 1 | AC55: 0
... A72: 61100001 | B72: 6110 | C72: 1 | D72: 0 | E72: 3590800 | F72: 击杀触发暴击率提高 | G72: 技能效果-伤害 | J72: 0:0 | K72: 0 | L72: 0 | M72: 3590802:1 | N72: 2 | O72: 10000 | P72: 3590803:1 | Q72: 1 | R72: 1 | S72: 0 | T72: 0:0 | U72: 0 | V72: 0:0 | W72: 10000 | X72: 0:0 | Y72: 1 | Z72: 1 | AA72: 0:0 | AB72: 1 | AC72: 0

Sheet 备注
D6: buff处理逻辑
D7: 1 | E7: 不同组所有buff可叠加同时生效
D9: 2 | E9: 同组buff是否互斥
D10: 2.1 | E10: 同组buff不互斥时：结算buff时先时候查看同组重复cd
D11: 2.1.1 | E11: buff有cd，且同组重复cd>0：直接把后来的buff丢掉
D12: 2.1.2 | E12: buff有cd，且同组重复cd=0：单个buff直接增加，多个buff增加优先级高的那个
D13: 2.1.3 | E13: buff没有cd：多个buff直接添加
D15: 2.2 | E15: 同组buff互斥时，结算buff时先查看同组重复cd
D16: 2.2.1 | E16: buff有cd，且同组重复cd>0：直接把后来的buff丢掉
D17: 2.2.2 | E17: buff有cd，且同组重复cd=0：单个buff直接增加，多个buff增加优先级高的那个，效果、持续时间、cd时间按优先级最高的时间
D18: 2.2.3 | E18: buff没有cd：同上，同2.2.2
E24: =_xlfn.TEXTJOIN(",",TRUE,E25:E43) -> #N/A | F24: =_xlfn.TEXTJOIN(",",TRUE,F25:F43) -> #N/A
D25: 101000101 | E25: =VLOOKUP(D25,maze_skilleffect_v8!$A$5:$E$5,4,FALSE) -> #N/A | F25: {=_xlfn.UNIQUE(E25:E43)} -> #N/A
D26: 102000101 | E26: =VLOOKUP(D26,maze_skilleffect_v8!$A$5:$E$5,4,FALSE) -> #N/A
D27: 103000201 | E27: =VLOOKUP(D27,maze_skilleffect_v8!$A$5:$E$5,4,FALSE) -> #N/A
D28: 104000101 | E28: =VLOOKUP(D28,maze_skilleffect_v8!$A$5:$E$5,4,FALSE) -> #N/A
D29: 1002000001 | E29: =VLOOKUP(D29,maze_skilleffect_v8!$A$5:$E$5,4,FALSE) -> #N/A
D30: 1002000002 | E30: =VLOOKUP(D30,maze_skilleffect_v8!$A$5:$E$5,4,FALSE) -> #N/A
D31: 1002000003 | E31: =VLOOKUP(D31,maze_skilleffect_v8!$A$5:$E$5,4,FALSE) -> #N/A
D32: 1003000001 | E32: =VLOOKUP(D32,maze_skilleffect_v8!$A$5:$E$5,4,FALSE) -> #N/A
D33: 1003000002 | E33: =VLOOKUP(D33,maze_skilleffect_v8!$A$5:$E$5,4,FALSE) -> #N/A
D34: 1003000003 | E34: =VLOOKUP(D34,maze_skilleffect_v8!$A$5:$E$5,4,FALSE) -> #N/A
D35: 1004000001 | E35: =VLOOKUP(D35,maze_skilleffect_v8!$A$5:$E$5,4,FALSE) -> #N/A
D36: 1004000002 | E36: =VLOOKUP(D36,maze_skilleffect_v8!$A$5:$E$5,4,FALSE) -> #N/A
D37: 1004000003 | E37: =VLOOKUP(D37,maze_skilleffect_v8!$A$5:$E$5,4,FALSE) -> #N/A
... D43: 1006000003 | E43: =VLOOKUP(D43,maze_skilleffect_v8!$A$5:$E$5,4,FALSE) -> #N/A
